--
-- PostgreSQL database dump
--

-- Dumped from database version 16.2 (Debian 16.2-1.pgdg120+2)
-- Dumped by pg_dump version 16.2 (Debian 16.2-1.pgdg120+2)

SET statement_timeout = 0;
SET lock_timeout = 0;
SET idle_in_transaction_session_timeout = 0;
SET client_encoding = 'UTF8';
SET standard_conforming_strings = on;
SELECT pg_catalog.set_config('search_path', '', false);
SET check_function_bodies = false;
SET xmloption = content;
SET client_min_messages = warning;
SET row_security = off;

SET default_tablespace = '';

SET default_table_access_method = heap;

--
-- Name: article_category; Type: TABLE; Schema: public; Owner: postgres-user
--

CREATE TABLE public.article_category (
    articles_id integer NOT NULL,
    categories_id integer NOT NULL
);


ALTER TABLE public.article_category OWNER TO "postgres-user";

--
-- Name: articles; Type: TABLE; Schema: public; Owner: postgres-user
--

CREATE TABLE public.articles (
    id integer NOT NULL,
    article_number text NOT NULL,
    characteristic_id integer NOT NULL,
    is_set boolean NOT NULL
);


ALTER TABLE public.articles OWNER TO "postgres-user";

--
-- Name: articles_id_seq; Type: SEQUENCE; Schema: public; Owner: postgres-user
--

ALTER TABLE public.articles ALTER COLUMN id ADD GENERATED BY DEFAULT AS IDENTITY (
    SEQUENCE NAME public.articles_id_seq
    START WITH 1
    INCREMENT BY 1
    NO MINVALUE
    NO MAXVALUE
    CACHE 1
);


--
-- Name: attribute_boolean_values; Type: TABLE; Schema: public; Owner: postgres-user
--

CREATE TABLE public.attribute_boolean_values (
    id integer NOT NULL,
    value boolean NOT NULL,
    article_id integer NOT NULL,
    attribute_id integer NOT NULL
);


ALTER TABLE public.attribute_boolean_values OWNER TO "postgres-user";

--
-- Name: attribute_boolean_values_id_seq; Type: SEQUENCE; Schema: public; Owner: postgres-user
--

ALTER TABLE public.attribute_boolean_values ALTER COLUMN id ADD GENERATED BY DEFAULT AS IDENTITY (
    SEQUENCE NAME public.attribute_boolean_values_id_seq
    START WITH 1
    INCREMENT BY 1
    NO MINVALUE
    NO MAXVALUE
    CACHE 1
);


--
-- Name: attribute_corrections; Type: TABLE; Schema: public; Owner: postgres-user
--

CREATE TABLE public.attribute_corrections (
    id integer NOT NULL,
    marketplace_attribute_id text NOT NULL,
    variants_only boolean NOT NULL
);


ALTER TABLE public.attribute_corrections OWNER TO "postgres-user";

--
-- Name: attribute_corrections_id_seq; Type: SEQUENCE; Schema: public; Owner: postgres-user
--

ALTER TABLE public.attribute_corrections ALTER COLUMN id ADD GENERATED BY DEFAULT AS IDENTITY (
    SEQUENCE NAME public.attribute_corrections_id_seq
    START WITH 1
    INCREMENT BY 1
    NO MINVALUE
    NO MAXVALUE
    CACHE 1
);


--
-- Name: attribute_decimal_values; Type: TABLE; Schema: public; Owner: postgres-user
--

CREATE TABLE public.attribute_decimal_values (
    id integer NOT NULL,
    value numeric(9,3) NOT NULL,
    article_id integer NOT NULL,
    attribute_id integer NOT NULL
);


ALTER TABLE public.attribute_decimal_values OWNER TO "postgres-user";

--
-- Name: attribute_decimal_values_id_seq; Type: SEQUENCE; Schema: public; Owner: postgres-user
--

ALTER TABLE public.attribute_decimal_values ALTER COLUMN id ADD GENERATED BY DEFAULT AS IDENTITY (
    SEQUENCE NAME public.attribute_decimal_values_id_seq
    START WITH 1
    INCREMENT BY 1
    NO MINVALUE
    NO MAXVALUE
    CACHE 1
);


--
-- Name: attribute_int_values; Type: TABLE; Schema: public; Owner: postgres-user
--

CREATE TABLE public.attribute_int_values (
    id integer NOT NULL,
    value integer NOT NULL,
    article_id integer NOT NULL,
    attribute_id integer NOT NULL
);


ALTER TABLE public.attribute_int_values OWNER TO "postgres-user";

--
-- Name: attribute_int_values_id_seq; Type: SEQUENCE; Schema: public; Owner: postgres-user
--

ALTER TABLE public.attribute_int_values ALTER COLUMN id ADD GENERATED BY DEFAULT AS IDENTITY (
    SEQUENCE NAME public.attribute_int_values_id_seq
    START WITH 1
    INCREMENT BY 1
    NO MINVALUE
    NO MAXVALUE
    CACHE 1
);


--
-- Name: attribute_mappings; Type: TABLE; Schema: public; Owner: postgres-user
--

CREATE TABLE public.attribute_mappings (
    id integer NOT NULL,
    attribute_reference text NOT NULL,
    mapping text
);


ALTER TABLE public.attribute_mappings OWNER TO "postgres-user";

--
-- Name: attribute_mappings_id_seq; Type: SEQUENCE; Schema: public; Owner: postgres-user
--

ALTER TABLE public.attribute_mappings ALTER COLUMN id ADD GENERATED BY DEFAULT AS IDENTITY (
    SEQUENCE NAME public.attribute_mappings_id_seq
    START WITH 1
    INCREMENT BY 1
    NO MINVALUE
    NO MAXVALUE
    CACHE 1
);


--
-- Name: attribute_string_values; Type: TABLE; Schema: public; Owner: postgres-user
--

CREATE TABLE public.attribute_string_values (
    id integer NOT NULL,
    value text NOT NULL,
    article_id integer NOT NULL,
    attribute_id integer NOT NULL
);


ALTER TABLE public.attribute_string_values OWNER TO "postgres-user";

--
-- Name: attribute_string_values_id_seq; Type: SEQUENCE; Schema: public; Owner: postgres-user
--

ALTER TABLE public.attribute_string_values ALTER COLUMN id ADD GENERATED BY DEFAULT AS IDENTITY (
    SEQUENCE NAME public.attribute_string_values_id_seq
    START WITH 1
    INCREMENT BY 1
    NO MINVALUE
    NO MAXVALUE
    CACHE 1
);


--
-- Name: attributes; Type: TABLE; Schema: public; Owner: postgres-user
--

CREATE TABLE public.attributes (
    id integer NOT NULL,
    name text NOT NULL,
    value_type text NOT NULL,
    min_values integer NOT NULL,
    max_values integer NOT NULL,
    marketplace_attribute_ids text NOT NULL,
    allowed_values text,
    min_length numeric(24,6),
    max_length numeric(24,6),
    product_type text GENERATED ALWAYS AS (substr(marketplace_attribute_ids, 1, ((((POSITION((','::text) IN (marketplace_attribute_ids)) - 1))::numeric + (((1)::numeric - round(((POSITION((','::text) IN (marketplace_attribute_ids)))::numeric / ((1.0 * (POSITION((','::text) IN (marketplace_attribute_ids)))::numeric) + (1)::numeric)))) * ((length(marketplace_attribute_ids) + 1))::numeric)))::integer)) STORED NOT NULL,
    is_editable boolean NOT NULL,
    example_values text,
    description text,
    parent_attribute_id integer,
    root_category_id integer NOT NULL
);


ALTER TABLE public.attributes OWNER TO "postgres-user";

--
-- Name: attributes_categories; Type: TABLE; Schema: public; Owner: postgres-user
--

CREATE TABLE public.attributes_categories (
    attributes_id integer NOT NULL,
    categories_id integer NOT NULL
);


ALTER TABLE public.attributes_categories OWNER TO "postgres-user";

--
-- Name: attributes_id_seq; Type: SEQUENCE; Schema: public; Owner: postgres-user
--

ALTER TABLE public.attributes ALTER COLUMN id ADD GENERATED BY DEFAULT AS IDENTITY (
    SEQUENCE NAME public.attributes_id_seq
    START WITH 1
    INCREMENT BY 1
    NO MINVALUE
    NO MAXVALUE
    CACHE 1
);


--
-- Name: categories; Type: TABLE; Schema: public; Owner: postgres-user
--

CREATE TABLE public.categories (
    id integer NOT NULL,
    category_number bigint NOT NULL,
    name text NOT NULL,
    path text NOT NULL,
    is_leaf boolean NOT NULL,
    root_category_id integer NOT NULL,
    parent_id integer
);


ALTER TABLE public.categories OWNER TO "postgres-user";

--
-- Name: categories_id_seq; Type: SEQUENCE; Schema: public; Owner: postgres-user
--

ALTER TABLE public.categories ALTER COLUMN id ADD GENERATED BY DEFAULT AS IDENTITY (
    SEQUENCE NAME public.categories_id_seq
    START WITH 1
    INCREMENT BY 1
    NO MINVALUE
    NO MAXVALUE
    CACHE 1
);


--
-- Name: root_categories; Type: TABLE; Schema: public; Owner: postgres-user
--

CREATE TABLE public.root_categories (
    id integer NOT NULL,
    locale_code text NOT NULL
);


ALTER TABLE public.root_categories OWNER TO "postgres-user";

--
-- Name: root_categories_id_seq; Type: SEQUENCE; Schema: public; Owner: postgres-user
--

ALTER TABLE public.root_categories ALTER COLUMN id ADD GENERATED BY DEFAULT AS IDENTITY (
    SEQUENCE NAME public.root_categories_id_seq
    START WITH 1
    INCREMENT BY 1
    NO MINVALUE
    NO MAXVALUE
    CACHE 1
);


--
-- Name: set_composition; Type: TABLE; Schema: public; Owner: postgres-user
--

CREATE TABLE public.set_composition (
    set_article_id integer NOT NULL,
    component_article_id integer NOT NULL,
    component_count integer NOT NULL
);


ALTER TABLE public.set_composition OWNER TO "postgres-user";

--
-- Data for Name: article_category; Type: TABLE DATA; Schema: public; Owner: postgres-user
--

COPY public.article_category (articles_id, categories_id) FROM stdin;
1	1
4	4
7	7
10	10
13	13
16	16
19	19
22	22
25	25
28	28
31	31
34	34
37	37
40	40
43	43
46	46
49	49
52	52
55	55
58	58
61	61
64	64
67	67
70	70
73	73
76	76
79	79
82	82
85	85
88	88
91	91
94	94
97	97
100	100
101	1
102	1
107	4
108	4
113	7
114	7
119	10
120	10
125	13
126	13
131	16
132	16
137	19
138	19
143	22
144	22
149	25
150	25
155	28
156	28
161	31
162	31
167	34
168	34
173	37
174	37
179	40
180	40
185	43
186	43
191	46
192	46
197	49
198	49
203	52
204	52
209	55
210	55
215	58
216	58
221	61
222	61
227	64
228	64
233	67
234	67
239	70
240	70
245	73
246	73
251	76
252	76
257	79
258	79
263	82
264	82
269	85
270	85
275	88
276	88
281	91
282	91
287	94
288	94
293	97
294	97
299	100
300	100
2	101
5	103
8	105
11	107
14	109
17	111
20	113
23	115
26	117
29	119
32	121
35	123
38	125
41	127
44	129
47	131
50	133
53	135
56	137
59	139
62	141
65	143
68	145
71	147
74	149
77	151
80	153
83	155
86	157
89	159
92	161
95	163
98	165
103	101
104	101
109	103
110	103
115	105
116	105
121	107
122	107
127	109
128	109
133	111
134	111
139	113
140	113
145	115
146	115
151	117
152	117
157	119
158	119
163	121
164	121
169	123
170	123
175	125
176	125
181	127
182	127
187	129
188	129
193	131
194	131
199	133
200	133
205	135
206	135
211	137
212	137
217	139
218	139
223	141
224	141
229	143
230	143
235	145
236	145
241	147
242	147
247	149
248	149
253	151
254	151
259	153
260	153
265	155
266	155
271	157
272	157
277	159
278	159
283	161
284	161
289	163
290	163
295	165
296	165
3	201
6	202
9	203
12	204
15	205
18	206
21	207
24	208
27	209
30	210
33	211
36	212
39	213
42	214
45	215
48	216
51	217
54	218
57	219
60	220
63	221
66	222
69	223
72	224
75	225
78	226
81	227
84	228
87	229
90	230
93	231
96	232
99	233
105	201
106	201
111	202
112	202
117	203
118	203
123	204
124	204
129	205
130	205
135	206
136	206
141	207
142	207
147	208
148	208
153	209
154	209
159	210
160	210
165	211
166	211
171	212
172	212
177	213
178	213
183	214
184	214
189	215
190	215
195	216
196	216
201	217
202	217
207	218
208	218
213	219
214	219
219	220
220	220
225	221
226	221
231	222
232	222
237	223
238	223
243	224
244	224
249	225
250	225
255	226
256	226
261	227
262	227
267	228
268	228
273	229
274	229
279	230
280	230
285	231
286	231
291	232
292	232
297	233
298	233
\.


--
-- Data for Name: articles; Type: TABLE DATA; Schema: public; Owner: postgres-user
--

COPY public.articles (id, article_number, characteristic_id, is_set) FROM stdin;
1	1	0	f
2	2	0	f
3	3	0	f
4	4	0	f
5	5	0	f
6	6	0	f
7	7	0	f
8	8	0	f
9	9	0	f
10	10	0	f
11	11	0	f
12	12	0	f
13	13	0	f
14	14	0	f
15	15	0	f
16	16	0	f
17	17	0	f
18	18	0	f
19	19	0	f
20	20	0	f
21	21	0	f
22	22	0	f
23	23	0	f
24	24	0	f
25	25	0	f
26	26	0	f
27	27	0	f
28	28	0	f
29	29	0	f
30	30	0	f
31	31	0	f
32	32	0	f
33	33	0	f
34	34	0	f
35	35	0	f
36	36	0	f
37	37	0	f
38	38	0	f
39	39	0	f
40	40	0	f
41	41	0	f
42	42	0	f
43	43	0	f
44	44	0	f
45	45	0	f
46	46	0	f
47	47	0	f
48	48	0	f
49	49	0	f
50	50	0	f
51	51	0	f
52	52	0	f
53	53	0	f
54	54	0	f
55	55	0	f
56	56	0	f
57	57	0	f
58	58	0	f
59	59	0	f
60	60	0	f
61	61	0	f
62	62	0	f
63	63	0	f
64	64	0	f
65	65	0	f
66	66	0	f
67	67	0	f
68	68	0	f
69	69	0	f
70	70	0	f
71	71	0	f
72	72	0	f
73	73	0	f
74	74	0	f
75	75	0	f
76	76	0	f
77	77	0	f
78	78	0	f
79	79	0	f
80	80	0	f
81	81	0	f
82	82	0	f
83	83	0	f
84	84	0	f
85	85	0	f
86	86	0	f
87	87	0	f
88	88	0	f
89	89	0	f
90	90	0	f
91	91	0	f
92	92	0	f
93	93	0	f
94	94	0	f
95	95	0	f
96	96	0	f
97	97	0	f
98	98	0	f
99	99	0	f
100	100	0	f
101	1	1	f
102	1	2	f
103	2	1	f
104	2	2	f
105	3	1	f
106	3	2	f
107	4	1	f
108	4	2	f
109	5	1	f
110	5	2	f
111	6	1	f
112	6	2	f
113	7	1	f
114	7	2	f
115	8	1	f
116	8	2	f
117	9	1	f
118	9	2	f
119	10	1	f
120	10	2	f
121	11	1	f
122	11	2	f
123	12	1	f
124	12	2	f
125	13	1	f
126	13	2	f
127	14	1	f
128	14	2	f
129	15	1	f
130	15	2	f
131	16	1	f
132	16	2	f
133	17	1	f
134	17	2	f
135	18	1	f
136	18	2	f
137	19	1	f
138	19	2	f
139	20	1	f
140	20	2	f
141	21	1	f
142	21	2	f
143	22	1	f
144	22	2	f
145	23	1	f
146	23	2	f
147	24	1	f
148	24	2	f
149	25	1	f
150	25	2	f
151	26	1	f
152	26	2	f
153	27	1	f
154	27	2	f
155	28	1	f
156	28	2	f
157	29	1	f
158	29	2	f
159	30	1	f
160	30	2	f
161	31	1	f
162	31	2	f
163	32	1	f
164	32	2	f
165	33	1	f
166	33	2	f
167	34	1	f
168	34	2	f
169	35	1	f
170	35	2	f
171	36	1	f
172	36	2	f
173	37	1	f
174	37	2	f
175	38	1	f
176	38	2	f
177	39	1	f
178	39	2	f
179	40	1	f
180	40	2	f
181	41	1	f
182	41	2	f
183	42	1	f
184	42	2	f
185	43	1	f
186	43	2	f
187	44	1	f
188	44	2	f
189	45	1	f
190	45	2	f
191	46	1	f
192	46	2	f
193	47	1	f
194	47	2	f
195	48	1	f
196	48	2	f
197	49	1	f
198	49	2	f
199	50	1	f
200	50	2	f
201	51	1	f
202	51	2	f
203	52	1	f
204	52	2	f
205	53	1	f
206	53	2	f
207	54	1	f
208	54	2	f
209	55	1	f
210	55	2	f
211	56	1	f
212	56	2	f
213	57	1	f
214	57	2	f
215	58	1	f
216	58	2	f
217	59	1	f
218	59	2	f
219	60	1	f
220	60	2	f
221	61	1	f
222	61	2	f
223	62	1	f
224	62	2	f
225	63	1	f
226	63	2	f
227	64	1	f
228	64	2	f
229	65	1	f
230	65	2	f
231	66	1	f
232	66	2	f
233	67	1	f
234	67	2	f
235	68	1	f
236	68	2	f
237	69	1	f
238	69	2	f
239	70	1	f
240	70	2	f
241	71	1	f
242	71	2	f
243	72	1	f
244	72	2	f
245	73	1	f
246	73	2	f
247	74	1	f
248	74	2	f
249	75	1	f
250	75	2	f
251	76	1	f
252	76	2	f
253	77	1	f
254	77	2	f
255	78	1	f
256	78	2	f
257	79	1	f
258	79	2	f
259	80	1	f
260	80	2	f
261	81	1	f
262	81	2	f
263	82	1	f
264	82	2	f
265	83	1	f
266	83	2	f
267	84	1	f
268	84	2	f
269	85	1	f
270	85	2	f
271	86	1	f
272	86	2	f
273	87	1	f
274	87	2	f
275	88	1	f
276	88	2	f
277	89	1	f
278	89	2	f
279	90	1	f
280	90	2	f
281	91	1	f
282	91	2	f
283	92	1	f
284	92	2	f
285	93	1	f
286	93	2	f
287	94	1	f
288	94	2	f
289	95	1	f
290	95	2	f
291	96	1	f
292	96	2	f
293	97	1	f
294	97	2	f
295	98	1	f
296	98	2	f
297	99	1	f
298	99	2	f
299	100	1	f
300	100	2	f
\.


--
-- Data for Name: attribute_boolean_values; Type: TABLE DATA; Schema: public; Owner: postgres-user
--

COPY public.attribute_boolean_values (id, value, article_id, attribute_id) FROM stdin;
1	f	101	1
2	t	102	1
3	f	1	1
4	t	103	5
5	f	104	5
6	t	2	5
7	f	105	9
8	f	106	9
9	f	3	9
10	t	107	10
11	f	108	10
12	t	4	10
13	f	109	14
14	t	110	14
15	f	5	14
16	t	111	18
17	t	112	18
18	t	6	18
19	f	113	19
20	t	114	19
21	f	7	19
22	t	115	23
23	f	116	23
24	t	8	23
25	f	117	27
26	f	118	27
27	f	9	27
28	t	119	28
29	f	120	28
30	t	10	28
31	f	121	32
32	t	122	32
33	f	11	32
34	t	123	36
35	t	124	36
36	t	12	36
37	f	125	37
38	t	126	37
39	f	13	37
40	t	127	41
41	f	128	41
42	t	14	41
43	f	129	45
44	f	130	45
45	f	15	45
46	t	131	46
47	f	132	46
48	t	16	46
49	f	133	50
50	t	134	50
51	f	17	50
52	t	135	54
53	t	136	54
54	t	18	54
55	f	137	55
56	t	138	55
57	f	19	55
58	t	139	59
59	f	140	59
60	t	20	59
61	f	141	63
62	f	142	63
63	f	21	63
64	t	143	64
65	f	144	64
66	t	22	64
67	f	145	68
68	t	146	68
69	f	23	68
70	t	147	72
71	t	148	72
72	t	24	72
73	f	149	73
74	t	150	73
75	f	25	73
76	t	151	77
77	f	152	77
78	t	26	77
79	f	153	81
80	f	154	81
81	f	27	81
82	t	155	82
83	f	156	82
84	t	28	82
85	f	157	86
86	t	158	86
87	f	29	86
88	t	159	90
89	t	160	90
90	t	30	90
91	f	161	91
92	t	162	91
93	f	31	91
94	t	163	95
95	f	164	95
96	t	32	95
97	f	165	99
98	f	166	99
99	f	33	99
100	t	167	100
101	f	168	100
102	t	34	100
103	f	169	104
104	t	170	104
105	f	35	104
106	t	171	108
107	t	172	108
108	t	36	108
109	f	173	109
110	t	174	109
111	f	37	109
112	t	175	113
113	f	176	113
114	t	38	113
115	f	177	117
116	f	178	117
117	f	39	117
118	t	179	118
119	f	180	118
120	t	40	118
121	f	181	122
122	t	182	122
123	f	41	122
124	t	183	126
125	t	184	126
126	t	42	126
127	f	185	127
128	t	186	127
129	f	43	127
130	t	187	131
131	f	188	131
132	t	44	131
133	f	189	135
134	f	190	135
135	f	45	135
136	t	191	136
137	f	192	136
138	t	46	136
139	f	193	140
140	t	194	140
141	f	47	140
142	t	195	144
143	t	196	144
144	t	48	144
145	f	197	145
146	t	198	145
147	f	49	145
148	t	199	149
149	f	200	149
150	t	50	149
151	f	201	153
152	f	202	153
153	f	51	153
154	t	203	154
155	f	204	154
156	t	52	154
157	f	205	158
158	t	206	158
159	f	53	158
160	t	207	162
161	t	208	162
162	t	54	162
163	f	209	163
164	t	210	163
165	f	55	163
166	t	211	167
167	f	212	167
168	t	56	167
169	f	213	171
170	f	214	171
171	f	57	171
172	t	215	172
173	f	216	172
174	t	58	172
175	f	217	176
176	t	218	176
177	f	59	176
178	t	219	180
179	t	220	180
180	t	60	180
181	f	221	181
182	t	222	181
183	f	61	181
184	t	223	185
185	f	224	185
186	t	62	185
187	f	225	189
188	f	226	189
189	f	63	189
190	t	227	190
191	f	228	190
192	t	64	190
193	f	229	194
194	t	230	194
195	f	65	194
196	t	231	198
197	t	232	198
198	t	66	198
199	f	233	199
200	t	234	199
201	f	67	199
202	t	235	203
203	f	236	203
204	t	68	203
205	f	237	207
206	f	238	207
207	f	69	207
208	t	239	208
209	f	240	208
210	t	70	208
211	f	241	212
212	t	242	212
213	f	71	212
214	t	243	216
215	t	244	216
216	t	72	216
217	f	245	217
218	t	246	217
219	f	73	217
220	t	247	221
221	f	248	221
222	t	74	221
223	f	249	225
224	f	250	225
225	f	75	225
226	t	251	226
227	f	252	226
228	t	76	226
229	f	253	230
230	t	254	230
231	f	77	230
232	t	255	234
233	t	256	234
234	t	78	234
235	f	257	235
236	t	258	235
237	f	79	235
238	t	259	239
239	f	260	239
240	t	80	239
241	f	261	243
242	f	262	243
243	f	81	243
244	t	263	244
245	f	264	244
246	t	82	244
247	f	265	248
248	t	266	248
249	f	83	248
250	t	267	252
251	t	268	252
252	t	84	252
253	f	269	253
254	t	270	253
255	f	85	253
256	t	271	257
257	f	272	257
258	t	86	257
259	f	273	261
260	f	274	261
261	f	87	261
262	t	275	262
263	f	276	262
264	t	88	262
265	f	277	266
266	t	278	266
267	f	89	266
268	t	279	270
269	t	280	270
270	t	90	270
271	f	281	271
272	t	282	271
273	f	91	271
274	t	283	275
275	f	284	275
276	t	92	275
277	f	285	279
278	f	286	279
279	f	93	279
280	t	287	280
281	f	288	280
282	t	94	280
283	f	289	284
284	t	290	284
285	f	95	284
286	t	291	288
287	t	292	288
288	t	96	288
289	f	293	289
290	t	294	289
291	f	97	289
292	t	295	293
293	f	296	293
294	t	98	293
295	f	297	297
296	f	298	297
297	f	99	297
298	t	299	298
299	f	300	298
300	t	100	298
301	t	101	301
302	f	102	301
303	t	1	301
304	f	103	305
305	t	104	305
306	f	2	305
307	t	105	309
308	t	106	309
309	t	3	309
310	f	107	310
311	t	108	310
312	f	4	310
313	t	109	314
314	f	110	314
315	t	5	314
316	f	111	318
317	f	112	318
318	f	6	318
319	t	113	319
320	f	114	319
321	t	7	319
322	f	115	323
323	t	116	323
324	f	8	323
325	t	117	327
326	t	118	327
327	t	9	327
328	f	119	328
329	t	120	328
330	f	10	328
331	t	121	332
332	f	122	332
333	t	11	332
334	f	123	336
335	f	124	336
336	f	12	336
337	t	125	337
338	f	126	337
339	t	13	337
340	f	127	341
341	t	128	341
342	f	14	341
343	t	129	345
344	t	130	345
345	t	15	345
346	f	131	346
347	t	132	346
348	f	16	346
349	t	133	350
350	f	134	350
351	t	17	350
352	f	135	354
353	f	136	354
354	f	18	354
355	t	137	355
356	f	138	355
357	t	19	355
358	f	139	359
359	t	140	359
360	f	20	359
361	t	141	363
362	t	142	363
363	t	21	363
364	f	143	364
365	t	144	364
366	f	22	364
367	t	145	368
368	f	146	368
369	t	23	368
370	f	147	372
371	f	148	372
372	f	24	372
373	t	149	373
374	f	150	373
375	t	25	373
376	f	151	377
377	t	152	377
378	f	26	377
379	t	153	381
380	t	154	381
381	t	27	381
382	f	155	382
383	t	156	382
384	f	28	382
385	t	157	386
386	f	158	386
387	t	29	386
388	f	159	390
389	f	160	390
390	f	30	390
391	t	161	391
392	f	162	391
393	t	31	391
394	f	163	395
395	t	164	395
396	f	32	395
397	t	165	399
398	t	166	399
399	t	33	399
400	f	167	400
401	t	168	400
402	f	34	400
403	t	169	404
404	f	170	404
405	t	35	404
406	f	171	408
407	f	172	408
408	f	36	408
409	t	173	409
410	f	174	409
411	t	37	409
412	f	175	413
413	t	176	413
414	f	38	413
415	t	177	417
416	t	178	417
417	t	39	417
418	f	179	418
419	t	180	418
420	f	40	418
421	t	181	422
422	f	182	422
423	t	41	422
424	f	183	426
425	f	184	426
426	f	42	426
427	t	185	427
428	f	186	427
429	t	43	427
430	f	187	431
431	t	188	431
432	f	44	431
433	t	189	435
434	t	190	435
435	t	45	435
436	f	191	436
437	t	192	436
438	f	46	436
439	t	193	440
440	f	194	440
441	t	47	440
442	f	195	444
443	f	196	444
444	f	48	444
445	t	197	445
446	f	198	445
447	t	49	445
448	f	199	449
449	t	200	449
450	f	50	449
451	t	201	453
452	t	202	453
453	t	51	453
454	f	203	454
455	t	204	454
456	f	52	454
457	t	205	458
458	f	206	458
459	t	53	458
460	f	207	462
461	f	208	462
462	f	54	462
463	t	209	463
464	f	210	463
465	t	55	463
466	f	211	467
467	t	212	467
468	f	56	467
469	t	213	471
470	t	214	471
471	t	57	471
472	f	215	472
473	t	216	472
474	f	58	472
475	t	217	476
476	f	218	476
477	t	59	476
478	f	219	480
479	f	220	480
480	f	60	480
481	t	221	481
482	f	222	481
483	t	61	481
484	f	223	485
485	t	224	485
486	f	62	485
487	t	225	489
488	t	226	489
489	t	63	489
490	f	227	490
491	t	228	490
492	f	64	490
493	t	229	494
494	f	230	494
495	t	65	494
496	f	231	498
497	f	232	498
498	f	66	498
499	t	233	499
500	f	234	499
501	t	67	499
502	f	235	503
503	t	236	503
504	f	68	503
505	t	237	507
506	t	238	507
507	t	69	507
508	f	239	508
509	t	240	508
510	f	70	508
511	t	241	512
512	f	242	512
513	t	71	512
514	f	243	516
515	f	244	516
516	f	72	516
517	t	245	517
518	f	246	517
519	t	73	517
520	f	247	521
521	t	248	521
522	f	74	521
523	t	249	525
524	t	250	525
525	t	75	525
526	f	251	526
527	t	252	526
528	f	76	526
529	t	253	530
530	f	254	530
531	t	77	530
532	f	255	534
533	f	256	534
534	f	78	534
535	t	257	535
536	f	258	535
537	t	79	535
538	f	259	539
539	t	260	539
540	f	80	539
541	t	261	543
542	t	262	543
543	t	81	543
544	f	263	544
545	t	264	544
546	f	82	544
547	t	265	548
548	f	266	548
549	t	83	548
550	f	267	552
551	f	268	552
552	f	84	552
553	t	269	553
554	f	270	553
555	t	85	553
556	f	271	557
557	t	272	557
558	f	86	557
559	t	273	561
560	t	274	561
561	t	87	561
562	f	275	562
563	t	276	562
564	f	88	562
565	t	277	566
566	f	278	566
567	t	89	566
568	f	279	570
569	f	280	570
570	f	90	570
571	t	281	571
572	f	282	571
573	t	91	571
574	f	283	575
575	t	284	575
576	f	92	575
577	t	285	579
578	t	286	579
579	t	93	579
580	f	287	580
581	t	288	580
582	f	94	580
583	t	289	584
584	f	290	584
585	t	95	584
586	f	291	588
587	f	292	588
588	f	96	588
589	t	293	589
590	f	294	589
591	t	97	589
592	f	295	593
593	t	296	593
594	f	98	593
595	t	297	597
596	t	298	597
597	t	99	597
598	f	299	598
599	t	300	598
600	f	100	598
601	f	101	601
602	t	102	601
603	f	1	601
604	t	103	605
605	f	104	605
606	t	2	605
607	f	105	609
608	f	106	609
609	f	3	609
610	t	107	610
611	f	108	610
612	t	4	610
613	f	109	614
614	t	110	614
615	f	5	614
616	t	111	618
617	t	112	618
618	t	6	618
619	f	113	619
620	t	114	619
621	f	7	619
622	t	115	623
623	f	116	623
624	t	8	623
625	f	117	627
626	f	118	627
627	f	9	627
628	t	119	628
629	f	120	628
630	t	10	628
631	f	121	632
632	t	122	632
633	f	11	632
634	t	123	636
635	t	124	636
636	t	12	636
637	f	125	637
638	t	126	637
639	f	13	637
640	t	127	641
641	f	128	641
642	t	14	641
643	f	129	645
644	f	130	645
645	f	15	645
646	t	131	646
647	f	132	646
648	t	16	646
649	f	133	650
650	t	134	650
651	f	17	650
652	t	135	654
653	t	136	654
654	t	18	654
655	f	137	655
656	t	138	655
657	f	19	655
658	t	139	659
659	f	140	659
660	t	20	659
661	f	141	663
662	f	142	663
663	f	21	663
664	t	143	664
665	f	144	664
666	t	22	664
667	f	145	668
668	t	146	668
669	f	23	668
670	t	147	672
671	t	148	672
672	t	24	672
673	f	149	673
674	t	150	673
675	f	25	673
676	t	151	677
677	f	152	677
678	t	26	677
679	f	153	681
680	f	154	681
681	f	27	681
682	t	155	682
683	f	156	682
684	t	28	682
685	f	157	686
686	t	158	686
687	f	29	686
688	t	159	690
689	t	160	690
690	t	30	690
691	f	161	691
692	t	162	691
693	f	31	691
694	t	163	695
695	f	164	695
696	t	32	695
697	f	165	699
698	f	166	699
699	f	33	699
700	t	167	700
701	f	168	700
702	t	34	700
703	f	169	704
704	t	170	704
705	f	35	704
706	t	171	708
707	t	172	708
708	t	36	708
709	f	173	709
710	t	174	709
711	f	37	709
712	t	175	713
713	f	176	713
714	t	38	713
715	f	177	717
716	f	178	717
717	f	39	717
718	t	179	718
719	f	180	718
720	t	40	718
721	f	181	722
722	t	182	722
723	f	41	722
724	t	183	726
725	t	184	726
726	t	42	726
727	f	185	727
728	t	186	727
729	f	43	727
730	t	187	731
731	f	188	731
732	t	44	731
733	f	189	735
734	f	190	735
735	f	45	735
736	t	191	736
737	f	192	736
738	t	46	736
739	f	193	740
740	t	194	740
741	f	47	740
742	t	195	744
743	t	196	744
744	t	48	744
745	f	197	745
746	t	198	745
747	f	49	745
748	t	199	749
749	f	200	749
750	t	50	749
751	f	201	753
752	f	202	753
753	f	51	753
754	t	203	754
755	f	204	754
756	t	52	754
757	f	205	758
758	t	206	758
759	f	53	758
760	t	207	762
761	t	208	762
762	t	54	762
763	f	209	763
764	t	210	763
765	f	55	763
766	t	211	767
767	f	212	767
768	t	56	767
769	f	213	771
770	f	214	771
771	f	57	771
772	t	215	772
773	f	216	772
774	t	58	772
775	f	217	776
776	t	218	776
777	f	59	776
778	t	219	780
779	t	220	780
780	t	60	780
781	f	221	781
782	t	222	781
783	f	61	781
784	t	223	785
785	f	224	785
786	t	62	785
787	f	225	789
788	f	226	789
789	f	63	789
790	t	227	790
791	f	228	790
792	t	64	790
793	f	229	794
794	t	230	794
795	f	65	794
796	t	231	798
797	t	232	798
798	t	66	798
799	f	233	799
800	t	234	799
801	f	67	799
802	t	235	803
803	f	236	803
804	t	68	803
805	f	237	807
806	f	238	807
807	f	69	807
808	t	239	808
809	f	240	808
810	t	70	808
811	f	241	812
812	t	242	812
813	f	71	812
814	t	243	816
815	t	244	816
816	t	72	816
817	f	245	817
818	t	246	817
819	f	73	817
820	t	247	821
821	f	248	821
822	t	74	821
823	f	249	825
824	f	250	825
825	f	75	825
826	t	251	826
827	f	252	826
828	t	76	826
829	f	253	830
830	t	254	830
831	f	77	830
832	t	255	834
833	t	256	834
834	t	78	834
835	f	257	835
836	t	258	835
837	f	79	835
838	t	259	839
839	f	260	839
840	t	80	839
841	f	261	843
842	f	262	843
843	f	81	843
844	t	263	844
845	f	264	844
846	t	82	844
847	f	265	848
848	t	266	848
849	f	83	848
850	t	267	852
851	t	268	852
852	t	84	852
853	f	269	853
854	t	270	853
855	f	85	853
856	t	271	857
857	f	272	857
858	t	86	857
859	f	273	861
860	f	274	861
861	f	87	861
862	t	275	862
863	f	276	862
864	t	88	862
865	f	277	866
866	t	278	866
867	f	89	866
868	t	279	870
869	t	280	870
870	t	90	870
871	f	281	871
872	t	282	871
873	f	91	871
874	t	283	875
875	f	284	875
876	t	92	875
877	f	285	879
878	f	286	879
879	f	93	879
880	t	287	880
881	f	288	880
882	t	94	880
883	f	289	884
884	t	290	884
885	f	95	884
886	t	291	888
887	t	292	888
888	t	96	888
889	f	293	889
890	t	294	889
891	f	97	889
892	t	295	893
893	f	296	893
894	t	98	893
895	f	297	897
896	f	298	897
897	f	99	897
898	t	299	898
899	f	300	898
900	t	100	898
\.


--
-- Data for Name: attribute_corrections; Type: TABLE DATA; Schema: public; Owner: postgres-user
--

COPY public.attribute_corrections (id, marketplace_attribute_id, variants_only) FROM stdin;
\.


--
-- Data for Name: attribute_decimal_values; Type: TABLE DATA; Schema: public; Owner: postgres-user
--

COPY public.attribute_decimal_values (id, value, article_id, attribute_id) FROM stdin;
\.


--
-- Data for Name: attribute_int_values; Type: TABLE DATA; Schema: public; Owner: postgres-user
--

COPY public.attribute_int_values (id, value, article_id, attribute_id) FROM stdin;
\.


--
-- Data for Name: attribute_mappings; Type: TABLE DATA; Schema: public; Owner: postgres-user
--

COPY public.attribute_mappings (id, attribute_reference, mapping) FROM stdin;
1	condition_type,value	new_new
2	externally_assigned_product_identifier,type	ean
3	manufacturer,value	CompanyName
4	brand,value	CompanyName
5	country_of_origin,value	DE
6	item_package_weight,unit	kilograms
7	item_weight,unit	kilograms
8	item_package_dimensions,length,unit	centimeters
9	item_package_dimensions,height,unit	centimeters
10	item_package_dimensions,width,unit	centimeters
11	item_dimensions,length,unit	centimeters
12	item_dimensions,height,unit	centimeters
13	item_dimensions,width,unit	centimeters
14	supplier_declared_dg_hz_regulation,value	not_applicable
15	supplier_declared_material_regulation,value	not_applicable
16	item_name,value	TitleMarketplace
17	item_type_name,value	TitleMarketplace
18	item_package_weight,value	SingleItemPackageWeight
19	item_weight,value	Weight
20	item_package_dimensions,length,value	SingleItemPackageLength
21	item_package_dimensions,height,value	SingleItemPackageHeight
22	item_package_dimensions,width,value	SingleItemPackageWidth
23	item_dimensions,length,value	Length
24	item_dimensions,height,value	Height
25	item_dimensions,width,value	Width
26	product_description,value	DescriptionLongMarketplaces
27	bullet_point,value1	MarketplaceBulletPoint1
28	bullet_point,value2	MarketplaceBulletPoint2
29	bullet_point,value3	MarketplaceBulletPoint3
30	bullet_point,value4	MarketplaceBulletPoint4
31	bullet_point,value5	MarketplaceBulletPoint5
32	is_fragile,value	Fragile
33	mob	SingleItemPreferredPackaging
34	power_plug_type,value	PowerPlug
35	color,value	Colors
36	list_price,currency	EUR
37	generic_keyword,value	SearchTermsMarketplace
38	item_depth_width_height,depth,unit	centimeters
39	item_depth_width_height,height,unit	centimeters
40	item_depth_width_height,width,unit	centimeters
41	item_depth_width_height,depth,value	Length
42	item_depth_width_height,height,value	Height
43	item_depth_width_height,width,value	Width
44	number_of_boxes,value	1
45	recommended_browse_nodes,value	\N
46	purchase_api_materials	customerMaterials
47	material_percentages	materialPercentage
48	images	ImageUrl
49	unit_count,value	1
50	unit_count,type,value	\N
51	material,value	\N
52	batteries_required,value	EnergyStorageModelBattery
53	battery_type_accumulator	EnergyStorageModelAccumulator
54	batteries_included,value	EnergyStorageAmount
55	parent_item_name,value	parent_TitleMarketplace
56	parent_bullet_point,value1	parent_MarketplaceBulletPoint1
57	parent_bullet_point,value2	parent_MarketplaceBulletPoint2
58	parent_bullet_point,value3	parent_MarketplaceBulletPoint3
59	parent_bullet_point,value4	parent_MarketplaceBulletPoint4
60	parent_bullet_point,value5	parent_MarketplaceBulletPoint5
61	parent_product_description,value	parent_DescriptionLongMarketplaces
62	color,standardized_values	\N
63	is_expiration_dated_product,value	false
64	deprecated_offering_start_date,value	\N
65	model_number,value	\N
66	model_name,value	TitleShop
67	included_components,value	DeliveryContentsText
68	department,value	CompanyName
69	item_width_height,width,value	Width
70	item_width_height,height,value	Height
71	item_length_width,width,value	Width
72	item_length_width,length,value	Length
73	item_length_width_height,height,value	Height
74	item_length_width_height,length,value	Length
75	item_length_width_height,width,value	Width
76	item_length_width_thickness,thickness,value	Height
77	item_length_width_thickness,length,value	Length
78	item_length_width_thickness,width,value	Width
79	item_width_height,width,unit	centimeters
80	item_width_height,height,unit	centimeters
81	item_length_width,width,unit	centimeters
82	item_length_width,length,unit	centimeters
83	item_length_width_height,height,unit	centimeters
84	item_length_width_height,length,unit	centimeters
85	item_length_width_height,width,unit	centimeters
86	item_length_width_thickness,thickness,unit	centimeters
87	item_length_width_thickness,length,unit	centimeters
88	item_length_width_thickness,width,unit	centimeters
89	contains_food_or_beverage,value	false
90	is_oem_authorized,value	false
91	product_expiration_type,value	Does Not Expire
92	warranty_description,value	-
93	list_price,value_with_tax	0
\.


--
-- Data for Name: attribute_string_values; Type: TABLE DATA; Schema: public; Owner: postgres-user
--

COPY public.attribute_string_values (id, value, article_id, attribute_id) FROM stdin;
\.


--
-- Data for Name: attributes; Type: TABLE DATA; Schema: public; Owner: postgres-user
--

COPY public.attributes (id, name, value_type, min_values, max_values, marketplace_attribute_ids, allowed_values, min_length, max_length, is_editable, example_values, description, parent_attribute_id, root_category_id) FROM stdin;
1	Attribute Name 1	Boolean	1	1	Marketplace Attribute Id 1	\N	\N	\N	t	\N	\N	\N	1
2	Attribute Name 4	Boolean	1	1	Marketplace Attribute Id 4	\N	\N	\N	t	\N	\N	\N	1
3	Attribute Name 7	Boolean	1	1	Marketplace Attribute Id 7	\N	\N	\N	t	\N	\N	\N	1
4	Attribute Name 10	Boolean	1	1	Marketplace Attribute Id 10	\N	\N	\N	t	\N	\N	\N	1
5	Attribute Name 13	Boolean	1	1	Marketplace Attribute Id 13	\N	\N	\N	t	\N	\N	\N	1
6	Attribute Name 16	Boolean	1	1	Marketplace Attribute Id 16	\N	\N	\N	t	\N	\N	\N	1
7	Attribute Name 19	Boolean	1	1	Marketplace Attribute Id 19	\N	\N	\N	t	\N	\N	\N	1
8	Attribute Name 22	Boolean	1	1	Marketplace Attribute Id 22	\N	\N	\N	t	\N	\N	\N	1
9	Attribute Name 25	Boolean	1	1	Marketplace Attribute Id 25	\N	\N	\N	t	\N	\N	\N	1
10	Attribute Name 28	Boolean	1	1	Marketplace Attribute Id 28	\N	\N	\N	t	\N	\N	\N	1
11	Attribute Name 31	Boolean	1	1	Marketplace Attribute Id 31	\N	\N	\N	t	\N	\N	\N	1
12	Attribute Name 34	Boolean	1	1	Marketplace Attribute Id 34	\N	\N	\N	t	\N	\N	\N	1
13	Attribute Name 37	Boolean	1	1	Marketplace Attribute Id 37	\N	\N	\N	t	\N	\N	\N	1
14	Attribute Name 40	Boolean	1	1	Marketplace Attribute Id 40	\N	\N	\N	t	\N	\N	\N	1
15	Attribute Name 43	Boolean	1	1	Marketplace Attribute Id 43	\N	\N	\N	t	\N	\N	\N	1
16	Attribute Name 46	Boolean	1	1	Marketplace Attribute Id 46	\N	\N	\N	t	\N	\N	\N	1
17	Attribute Name 49	Boolean	1	1	Marketplace Attribute Id 49	\N	\N	\N	t	\N	\N	\N	1
18	Attribute Name 52	Boolean	1	1	Marketplace Attribute Id 52	\N	\N	\N	t	\N	\N	\N	1
19	Attribute Name 55	Boolean	1	1	Marketplace Attribute Id 55	\N	\N	\N	t	\N	\N	\N	1
20	Attribute Name 58	Boolean	1	1	Marketplace Attribute Id 58	\N	\N	\N	t	\N	\N	\N	1
21	Attribute Name 61	Boolean	1	1	Marketplace Attribute Id 61	\N	\N	\N	t	\N	\N	\N	1
22	Attribute Name 64	Boolean	1	1	Marketplace Attribute Id 64	\N	\N	\N	t	\N	\N	\N	1
23	Attribute Name 67	Boolean	1	1	Marketplace Attribute Id 67	\N	\N	\N	t	\N	\N	\N	1
24	Attribute Name 70	Boolean	1	1	Marketplace Attribute Id 70	\N	\N	\N	t	\N	\N	\N	1
25	Attribute Name 73	Boolean	1	1	Marketplace Attribute Id 73	\N	\N	\N	t	\N	\N	\N	1
26	Attribute Name 76	Boolean	1	1	Marketplace Attribute Id 76	\N	\N	\N	t	\N	\N	\N	1
27	Attribute Name 79	Boolean	1	1	Marketplace Attribute Id 79	\N	\N	\N	t	\N	\N	\N	1
28	Attribute Name 82	Boolean	1	1	Marketplace Attribute Id 82	\N	\N	\N	t	\N	\N	\N	1
29	Attribute Name 85	Boolean	1	1	Marketplace Attribute Id 85	\N	\N	\N	t	\N	\N	\N	1
30	Attribute Name 88	Boolean	1	1	Marketplace Attribute Id 88	\N	\N	\N	t	\N	\N	\N	1
31	Attribute Name 91	Boolean	1	1	Marketplace Attribute Id 91	\N	\N	\N	t	\N	\N	\N	1
32	Attribute Name 94	Boolean	1	1	Marketplace Attribute Id 94	\N	\N	\N	t	\N	\N	\N	1
33	Attribute Name 97	Boolean	1	1	Marketplace Attribute Id 97	\N	\N	\N	t	\N	\N	\N	1
34	Attribute Name 100	Boolean	1	1	Marketplace Attribute Id 100	\N	\N	\N	t	\N	\N	\N	1
35	Attribute Name 103	Boolean	1	1	Marketplace Attribute Id 103	\N	\N	\N	t	\N	\N	\N	1
36	Attribute Name 106	Boolean	1	1	Marketplace Attribute Id 106	\N	\N	\N	t	\N	\N	\N	1
37	Attribute Name 109	Boolean	1	1	Marketplace Attribute Id 109	\N	\N	\N	t	\N	\N	\N	1
38	Attribute Name 112	Boolean	1	1	Marketplace Attribute Id 112	\N	\N	\N	t	\N	\N	\N	1
39	Attribute Name 115	Boolean	1	1	Marketplace Attribute Id 115	\N	\N	\N	t	\N	\N	\N	1
40	Attribute Name 118	Boolean	1	1	Marketplace Attribute Id 118	\N	\N	\N	t	\N	\N	\N	1
41	Attribute Name 121	Boolean	1	1	Marketplace Attribute Id 121	\N	\N	\N	t	\N	\N	\N	1
42	Attribute Name 124	Boolean	1	1	Marketplace Attribute Id 124	\N	\N	\N	t	\N	\N	\N	1
43	Attribute Name 127	Boolean	1	1	Marketplace Attribute Id 127	\N	\N	\N	t	\N	\N	\N	1
44	Attribute Name 130	Boolean	1	1	Marketplace Attribute Id 130	\N	\N	\N	t	\N	\N	\N	1
45	Attribute Name 133	Boolean	1	1	Marketplace Attribute Id 133	\N	\N	\N	t	\N	\N	\N	1
46	Attribute Name 136	Boolean	1	1	Marketplace Attribute Id 136	\N	\N	\N	t	\N	\N	\N	1
47	Attribute Name 139	Boolean	1	1	Marketplace Attribute Id 139	\N	\N	\N	t	\N	\N	\N	1
48	Attribute Name 142	Boolean	1	1	Marketplace Attribute Id 142	\N	\N	\N	t	\N	\N	\N	1
49	Attribute Name 145	Boolean	1	1	Marketplace Attribute Id 145	\N	\N	\N	t	\N	\N	\N	1
50	Attribute Name 148	Boolean	1	1	Marketplace Attribute Id 148	\N	\N	\N	t	\N	\N	\N	1
51	Attribute Name 151	Boolean	1	1	Marketplace Attribute Id 151	\N	\N	\N	t	\N	\N	\N	1
52	Attribute Name 154	Boolean	1	1	Marketplace Attribute Id 154	\N	\N	\N	t	\N	\N	\N	1
53	Attribute Name 157	Boolean	1	1	Marketplace Attribute Id 157	\N	\N	\N	t	\N	\N	\N	1
54	Attribute Name 160	Boolean	1	1	Marketplace Attribute Id 160	\N	\N	\N	t	\N	\N	\N	1
55	Attribute Name 163	Boolean	1	1	Marketplace Attribute Id 163	\N	\N	\N	t	\N	\N	\N	1
56	Attribute Name 166	Boolean	1	1	Marketplace Attribute Id 166	\N	\N	\N	t	\N	\N	\N	1
57	Attribute Name 169	Boolean	1	1	Marketplace Attribute Id 169	\N	\N	\N	t	\N	\N	\N	1
58	Attribute Name 172	Boolean	1	1	Marketplace Attribute Id 172	\N	\N	\N	t	\N	\N	\N	1
59	Attribute Name 175	Boolean	1	1	Marketplace Attribute Id 175	\N	\N	\N	t	\N	\N	\N	1
60	Attribute Name 178	Boolean	1	1	Marketplace Attribute Id 178	\N	\N	\N	t	\N	\N	\N	1
61	Attribute Name 181	Boolean	1	1	Marketplace Attribute Id 181	\N	\N	\N	t	\N	\N	\N	1
62	Attribute Name 184	Boolean	1	1	Marketplace Attribute Id 184	\N	\N	\N	t	\N	\N	\N	1
63	Attribute Name 187	Boolean	1	1	Marketplace Attribute Id 187	\N	\N	\N	t	\N	\N	\N	1
64	Attribute Name 190	Boolean	1	1	Marketplace Attribute Id 190	\N	\N	\N	t	\N	\N	\N	1
65	Attribute Name 193	Boolean	1	1	Marketplace Attribute Id 193	\N	\N	\N	t	\N	\N	\N	1
66	Attribute Name 196	Boolean	1	1	Marketplace Attribute Id 196	\N	\N	\N	t	\N	\N	\N	1
67	Attribute Name 199	Boolean	1	1	Marketplace Attribute Id 199	\N	\N	\N	t	\N	\N	\N	1
68	Attribute Name 202	Boolean	1	1	Marketplace Attribute Id 202	\N	\N	\N	t	\N	\N	\N	1
69	Attribute Name 205	Boolean	1	1	Marketplace Attribute Id 205	\N	\N	\N	t	\N	\N	\N	1
70	Attribute Name 208	Boolean	1	1	Marketplace Attribute Id 208	\N	\N	\N	t	\N	\N	\N	1
71	Attribute Name 211	Boolean	1	1	Marketplace Attribute Id 211	\N	\N	\N	t	\N	\N	\N	1
72	Attribute Name 214	Boolean	1	1	Marketplace Attribute Id 214	\N	\N	\N	t	\N	\N	\N	1
73	Attribute Name 217	Boolean	1	1	Marketplace Attribute Id 217	\N	\N	\N	t	\N	\N	\N	1
74	Attribute Name 220	Boolean	1	1	Marketplace Attribute Id 220	\N	\N	\N	t	\N	\N	\N	1
75	Attribute Name 223	Boolean	1	1	Marketplace Attribute Id 223	\N	\N	\N	t	\N	\N	\N	1
76	Attribute Name 226	Boolean	1	1	Marketplace Attribute Id 226	\N	\N	\N	t	\N	\N	\N	1
77	Attribute Name 229	Boolean	1	1	Marketplace Attribute Id 229	\N	\N	\N	t	\N	\N	\N	1
78	Attribute Name 232	Boolean	1	1	Marketplace Attribute Id 232	\N	\N	\N	t	\N	\N	\N	1
79	Attribute Name 235	Boolean	1	1	Marketplace Attribute Id 235	\N	\N	\N	t	\N	\N	\N	1
80	Attribute Name 238	Boolean	1	1	Marketplace Attribute Id 238	\N	\N	\N	t	\N	\N	\N	1
81	Attribute Name 241	Boolean	1	1	Marketplace Attribute Id 241	\N	\N	\N	t	\N	\N	\N	1
82	Attribute Name 244	Boolean	1	1	Marketplace Attribute Id 244	\N	\N	\N	t	\N	\N	\N	1
83	Attribute Name 247	Boolean	1	1	Marketplace Attribute Id 247	\N	\N	\N	t	\N	\N	\N	1
84	Attribute Name 250	Boolean	1	1	Marketplace Attribute Id 250	\N	\N	\N	t	\N	\N	\N	1
85	Attribute Name 253	Boolean	1	1	Marketplace Attribute Id 253	\N	\N	\N	t	\N	\N	\N	1
86	Attribute Name 256	Boolean	1	1	Marketplace Attribute Id 256	\N	\N	\N	t	\N	\N	\N	1
87	Attribute Name 259	Boolean	1	1	Marketplace Attribute Id 259	\N	\N	\N	t	\N	\N	\N	1
88	Attribute Name 262	Boolean	1	1	Marketplace Attribute Id 262	\N	\N	\N	t	\N	\N	\N	1
89	Attribute Name 265	Boolean	1	1	Marketplace Attribute Id 265	\N	\N	\N	t	\N	\N	\N	1
90	Attribute Name 268	Boolean	1	1	Marketplace Attribute Id 268	\N	\N	\N	t	\N	\N	\N	1
91	Attribute Name 271	Boolean	1	1	Marketplace Attribute Id 271	\N	\N	\N	t	\N	\N	\N	1
92	Attribute Name 274	Boolean	1	1	Marketplace Attribute Id 274	\N	\N	\N	t	\N	\N	\N	1
93	Attribute Name 277	Boolean	1	1	Marketplace Attribute Id 277	\N	\N	\N	t	\N	\N	\N	1
94	Attribute Name 280	Boolean	1	1	Marketplace Attribute Id 280	\N	\N	\N	t	\N	\N	\N	1
95	Attribute Name 283	Boolean	1	1	Marketplace Attribute Id 283	\N	\N	\N	t	\N	\N	\N	1
96	Attribute Name 286	Boolean	1	1	Marketplace Attribute Id 286	\N	\N	\N	t	\N	\N	\N	1
97	Attribute Name 289	Boolean	1	1	Marketplace Attribute Id 289	\N	\N	\N	t	\N	\N	\N	1
98	Attribute Name 292	Boolean	1	1	Marketplace Attribute Id 292	\N	\N	\N	t	\N	\N	\N	1
99	Attribute Name 295	Boolean	1	1	Marketplace Attribute Id 295	\N	\N	\N	t	\N	\N	\N	1
100	Attribute Name 298	Boolean	1	1	Marketplace Attribute Id 298	\N	\N	\N	t	\N	\N	\N	1
101	Attribute Name 301	Boolean	1	1	Marketplace Attribute Id 301	\N	\N	\N	t	\N	\N	\N	1
102	Attribute Name 304	Boolean	1	1	Marketplace Attribute Id 304	\N	\N	\N	t	\N	\N	\N	1
103	Attribute Name 307	Boolean	1	1	Marketplace Attribute Id 307	\N	\N	\N	t	\N	\N	\N	1
104	Attribute Name 310	Boolean	1	1	Marketplace Attribute Id 310	\N	\N	\N	t	\N	\N	\N	1
105	Attribute Name 313	Boolean	1	1	Marketplace Attribute Id 313	\N	\N	\N	t	\N	\N	\N	1
106	Attribute Name 316	Boolean	1	1	Marketplace Attribute Id 316	\N	\N	\N	t	\N	\N	\N	1
107	Attribute Name 319	Boolean	1	1	Marketplace Attribute Id 319	\N	\N	\N	t	\N	\N	\N	1
108	Attribute Name 322	Boolean	1	1	Marketplace Attribute Id 322	\N	\N	\N	t	\N	\N	\N	1
109	Attribute Name 325	Boolean	1	1	Marketplace Attribute Id 325	\N	\N	\N	t	\N	\N	\N	1
110	Attribute Name 328	Boolean	1	1	Marketplace Attribute Id 328	\N	\N	\N	t	\N	\N	\N	1
111	Attribute Name 331	Boolean	1	1	Marketplace Attribute Id 331	\N	\N	\N	t	\N	\N	\N	1
112	Attribute Name 334	Boolean	1	1	Marketplace Attribute Id 334	\N	\N	\N	t	\N	\N	\N	1
113	Attribute Name 337	Boolean	1	1	Marketplace Attribute Id 337	\N	\N	\N	t	\N	\N	\N	1
114	Attribute Name 340	Boolean	1	1	Marketplace Attribute Id 340	\N	\N	\N	t	\N	\N	\N	1
115	Attribute Name 343	Boolean	1	1	Marketplace Attribute Id 343	\N	\N	\N	t	\N	\N	\N	1
116	Attribute Name 346	Boolean	1	1	Marketplace Attribute Id 346	\N	\N	\N	t	\N	\N	\N	1
117	Attribute Name 349	Boolean	1	1	Marketplace Attribute Id 349	\N	\N	\N	t	\N	\N	\N	1
118	Attribute Name 352	Boolean	1	1	Marketplace Attribute Id 352	\N	\N	\N	t	\N	\N	\N	1
119	Attribute Name 355	Boolean	1	1	Marketplace Attribute Id 355	\N	\N	\N	t	\N	\N	\N	1
120	Attribute Name 358	Boolean	1	1	Marketplace Attribute Id 358	\N	\N	\N	t	\N	\N	\N	1
121	Attribute Name 361	Boolean	1	1	Marketplace Attribute Id 361	\N	\N	\N	t	\N	\N	\N	1
122	Attribute Name 364	Boolean	1	1	Marketplace Attribute Id 364	\N	\N	\N	t	\N	\N	\N	1
123	Attribute Name 367	Boolean	1	1	Marketplace Attribute Id 367	\N	\N	\N	t	\N	\N	\N	1
124	Attribute Name 370	Boolean	1	1	Marketplace Attribute Id 370	\N	\N	\N	t	\N	\N	\N	1
125	Attribute Name 373	Boolean	1	1	Marketplace Attribute Id 373	\N	\N	\N	t	\N	\N	\N	1
126	Attribute Name 376	Boolean	1	1	Marketplace Attribute Id 376	\N	\N	\N	t	\N	\N	\N	1
127	Attribute Name 379	Boolean	1	1	Marketplace Attribute Id 379	\N	\N	\N	t	\N	\N	\N	1
128	Attribute Name 382	Boolean	1	1	Marketplace Attribute Id 382	\N	\N	\N	t	\N	\N	\N	1
129	Attribute Name 385	Boolean	1	1	Marketplace Attribute Id 385	\N	\N	\N	t	\N	\N	\N	1
130	Attribute Name 388	Boolean	1	1	Marketplace Attribute Id 388	\N	\N	\N	t	\N	\N	\N	1
131	Attribute Name 391	Boolean	1	1	Marketplace Attribute Id 391	\N	\N	\N	t	\N	\N	\N	1
132	Attribute Name 394	Boolean	1	1	Marketplace Attribute Id 394	\N	\N	\N	t	\N	\N	\N	1
133	Attribute Name 397	Boolean	1	1	Marketplace Attribute Id 397	\N	\N	\N	t	\N	\N	\N	1
134	Attribute Name 400	Boolean	1	1	Marketplace Attribute Id 400	\N	\N	\N	t	\N	\N	\N	1
135	Attribute Name 403	Boolean	1	1	Marketplace Attribute Id 403	\N	\N	\N	t	\N	\N	\N	1
136	Attribute Name 406	Boolean	1	1	Marketplace Attribute Id 406	\N	\N	\N	t	\N	\N	\N	1
137	Attribute Name 409	Boolean	1	1	Marketplace Attribute Id 409	\N	\N	\N	t	\N	\N	\N	1
138	Attribute Name 412	Boolean	1	1	Marketplace Attribute Id 412	\N	\N	\N	t	\N	\N	\N	1
139	Attribute Name 415	Boolean	1	1	Marketplace Attribute Id 415	\N	\N	\N	t	\N	\N	\N	1
140	Attribute Name 418	Boolean	1	1	Marketplace Attribute Id 418	\N	\N	\N	t	\N	\N	\N	1
141	Attribute Name 421	Boolean	1	1	Marketplace Attribute Id 421	\N	\N	\N	t	\N	\N	\N	1
142	Attribute Name 424	Boolean	1	1	Marketplace Attribute Id 424	\N	\N	\N	t	\N	\N	\N	1
143	Attribute Name 427	Boolean	1	1	Marketplace Attribute Id 427	\N	\N	\N	t	\N	\N	\N	1
144	Attribute Name 430	Boolean	1	1	Marketplace Attribute Id 430	\N	\N	\N	t	\N	\N	\N	1
145	Attribute Name 433	Boolean	1	1	Marketplace Attribute Id 433	\N	\N	\N	t	\N	\N	\N	1
146	Attribute Name 436	Boolean	1	1	Marketplace Attribute Id 436	\N	\N	\N	t	\N	\N	\N	1
147	Attribute Name 439	Boolean	1	1	Marketplace Attribute Id 439	\N	\N	\N	t	\N	\N	\N	1
148	Attribute Name 442	Boolean	1	1	Marketplace Attribute Id 442	\N	\N	\N	t	\N	\N	\N	1
149	Attribute Name 445	Boolean	1	1	Marketplace Attribute Id 445	\N	\N	\N	t	\N	\N	\N	1
150	Attribute Name 448	Boolean	1	1	Marketplace Attribute Id 448	\N	\N	\N	t	\N	\N	\N	1
151	Attribute Name 451	Boolean	1	1	Marketplace Attribute Id 451	\N	\N	\N	t	\N	\N	\N	1
152	Attribute Name 454	Boolean	1	1	Marketplace Attribute Id 454	\N	\N	\N	t	\N	\N	\N	1
153	Attribute Name 457	Boolean	1	1	Marketplace Attribute Id 457	\N	\N	\N	t	\N	\N	\N	1
154	Attribute Name 460	Boolean	1	1	Marketplace Attribute Id 460	\N	\N	\N	t	\N	\N	\N	1
155	Attribute Name 463	Boolean	1	1	Marketplace Attribute Id 463	\N	\N	\N	t	\N	\N	\N	1
156	Attribute Name 466	Boolean	1	1	Marketplace Attribute Id 466	\N	\N	\N	t	\N	\N	\N	1
157	Attribute Name 469	Boolean	1	1	Marketplace Attribute Id 469	\N	\N	\N	t	\N	\N	\N	1
158	Attribute Name 472	Boolean	1	1	Marketplace Attribute Id 472	\N	\N	\N	t	\N	\N	\N	1
159	Attribute Name 475	Boolean	1	1	Marketplace Attribute Id 475	\N	\N	\N	t	\N	\N	\N	1
160	Attribute Name 478	Boolean	1	1	Marketplace Attribute Id 478	\N	\N	\N	t	\N	\N	\N	1
161	Attribute Name 481	Boolean	1	1	Marketplace Attribute Id 481	\N	\N	\N	t	\N	\N	\N	1
162	Attribute Name 484	Boolean	1	1	Marketplace Attribute Id 484	\N	\N	\N	t	\N	\N	\N	1
163	Attribute Name 487	Boolean	1	1	Marketplace Attribute Id 487	\N	\N	\N	t	\N	\N	\N	1
164	Attribute Name 490	Boolean	1	1	Marketplace Attribute Id 490	\N	\N	\N	t	\N	\N	\N	1
165	Attribute Name 493	Boolean	1	1	Marketplace Attribute Id 493	\N	\N	\N	t	\N	\N	\N	1
166	Attribute Name 496	Boolean	1	1	Marketplace Attribute Id 496	\N	\N	\N	t	\N	\N	\N	1
167	Attribute Name 499	Boolean	1	1	Marketplace Attribute Id 499	\N	\N	\N	t	\N	\N	\N	1
168	Attribute Name 502	Boolean	1	1	Marketplace Attribute Id 502	\N	\N	\N	t	\N	\N	\N	1
169	Attribute Name 505	Boolean	1	1	Marketplace Attribute Id 505	\N	\N	\N	t	\N	\N	\N	1
170	Attribute Name 508	Boolean	1	1	Marketplace Attribute Id 508	\N	\N	\N	t	\N	\N	\N	1
171	Attribute Name 511	Boolean	1	1	Marketplace Attribute Id 511	\N	\N	\N	t	\N	\N	\N	1
172	Attribute Name 514	Boolean	1	1	Marketplace Attribute Id 514	\N	\N	\N	t	\N	\N	\N	1
173	Attribute Name 517	Boolean	1	1	Marketplace Attribute Id 517	\N	\N	\N	t	\N	\N	\N	1
174	Attribute Name 520	Boolean	1	1	Marketplace Attribute Id 520	\N	\N	\N	t	\N	\N	\N	1
175	Attribute Name 523	Boolean	1	1	Marketplace Attribute Id 523	\N	\N	\N	t	\N	\N	\N	1
176	Attribute Name 526	Boolean	1	1	Marketplace Attribute Id 526	\N	\N	\N	t	\N	\N	\N	1
177	Attribute Name 529	Boolean	1	1	Marketplace Attribute Id 529	\N	\N	\N	t	\N	\N	\N	1
178	Attribute Name 532	Boolean	1	1	Marketplace Attribute Id 532	\N	\N	\N	t	\N	\N	\N	1
179	Attribute Name 535	Boolean	1	1	Marketplace Attribute Id 535	\N	\N	\N	t	\N	\N	\N	1
180	Attribute Name 538	Boolean	1	1	Marketplace Attribute Id 538	\N	\N	\N	t	\N	\N	\N	1
181	Attribute Name 541	Boolean	1	1	Marketplace Attribute Id 541	\N	\N	\N	t	\N	\N	\N	1
182	Attribute Name 544	Boolean	1	1	Marketplace Attribute Id 544	\N	\N	\N	t	\N	\N	\N	1
183	Attribute Name 547	Boolean	1	1	Marketplace Attribute Id 547	\N	\N	\N	t	\N	\N	\N	1
184	Attribute Name 550	Boolean	1	1	Marketplace Attribute Id 550	\N	\N	\N	t	\N	\N	\N	1
185	Attribute Name 553	Boolean	1	1	Marketplace Attribute Id 553	\N	\N	\N	t	\N	\N	\N	1
186	Attribute Name 556	Boolean	1	1	Marketplace Attribute Id 556	\N	\N	\N	t	\N	\N	\N	1
187	Attribute Name 559	Boolean	1	1	Marketplace Attribute Id 559	\N	\N	\N	t	\N	\N	\N	1
188	Attribute Name 562	Boolean	1	1	Marketplace Attribute Id 562	\N	\N	\N	t	\N	\N	\N	1
189	Attribute Name 565	Boolean	1	1	Marketplace Attribute Id 565	\N	\N	\N	t	\N	\N	\N	1
190	Attribute Name 568	Boolean	1	1	Marketplace Attribute Id 568	\N	\N	\N	t	\N	\N	\N	1
191	Attribute Name 571	Boolean	1	1	Marketplace Attribute Id 571	\N	\N	\N	t	\N	\N	\N	1
192	Attribute Name 574	Boolean	1	1	Marketplace Attribute Id 574	\N	\N	\N	t	\N	\N	\N	1
193	Attribute Name 577	Boolean	1	1	Marketplace Attribute Id 577	\N	\N	\N	t	\N	\N	\N	1
194	Attribute Name 580	Boolean	1	1	Marketplace Attribute Id 580	\N	\N	\N	t	\N	\N	\N	1
195	Attribute Name 583	Boolean	1	1	Marketplace Attribute Id 583	\N	\N	\N	t	\N	\N	\N	1
196	Attribute Name 586	Boolean	1	1	Marketplace Attribute Id 586	\N	\N	\N	t	\N	\N	\N	1
197	Attribute Name 589	Boolean	1	1	Marketplace Attribute Id 589	\N	\N	\N	t	\N	\N	\N	1
198	Attribute Name 592	Boolean	1	1	Marketplace Attribute Id 592	\N	\N	\N	t	\N	\N	\N	1
199	Attribute Name 595	Boolean	1	1	Marketplace Attribute Id 595	\N	\N	\N	t	\N	\N	\N	1
200	Attribute Name 598	Boolean	1	1	Marketplace Attribute Id 598	\N	\N	\N	t	\N	\N	\N	1
201	Attribute Name 601	Boolean	1	1	Marketplace Attribute Id 601	\N	\N	\N	t	\N	\N	\N	1
202	Attribute Name 604	Boolean	1	1	Marketplace Attribute Id 604	\N	\N	\N	t	\N	\N	\N	1
203	Attribute Name 607	Boolean	1	1	Marketplace Attribute Id 607	\N	\N	\N	t	\N	\N	\N	1
204	Attribute Name 610	Boolean	1	1	Marketplace Attribute Id 610	\N	\N	\N	t	\N	\N	\N	1
205	Attribute Name 613	Boolean	1	1	Marketplace Attribute Id 613	\N	\N	\N	t	\N	\N	\N	1
206	Attribute Name 616	Boolean	1	1	Marketplace Attribute Id 616	\N	\N	\N	t	\N	\N	\N	1
207	Attribute Name 619	Boolean	1	1	Marketplace Attribute Id 619	\N	\N	\N	t	\N	\N	\N	1
208	Attribute Name 622	Boolean	1	1	Marketplace Attribute Id 622	\N	\N	\N	t	\N	\N	\N	1
209	Attribute Name 625	Boolean	1	1	Marketplace Attribute Id 625	\N	\N	\N	t	\N	\N	\N	1
210	Attribute Name 628	Boolean	1	1	Marketplace Attribute Id 628	\N	\N	\N	t	\N	\N	\N	1
211	Attribute Name 631	Boolean	1	1	Marketplace Attribute Id 631	\N	\N	\N	t	\N	\N	\N	1
212	Attribute Name 634	Boolean	1	1	Marketplace Attribute Id 634	\N	\N	\N	t	\N	\N	\N	1
213	Attribute Name 637	Boolean	1	1	Marketplace Attribute Id 637	\N	\N	\N	t	\N	\N	\N	1
214	Attribute Name 640	Boolean	1	1	Marketplace Attribute Id 640	\N	\N	\N	t	\N	\N	\N	1
215	Attribute Name 643	Boolean	1	1	Marketplace Attribute Id 643	\N	\N	\N	t	\N	\N	\N	1
216	Attribute Name 646	Boolean	1	1	Marketplace Attribute Id 646	\N	\N	\N	t	\N	\N	\N	1
217	Attribute Name 649	Boolean	1	1	Marketplace Attribute Id 649	\N	\N	\N	t	\N	\N	\N	1
218	Attribute Name 652	Boolean	1	1	Marketplace Attribute Id 652	\N	\N	\N	t	\N	\N	\N	1
219	Attribute Name 655	Boolean	1	1	Marketplace Attribute Id 655	\N	\N	\N	t	\N	\N	\N	1
220	Attribute Name 658	Boolean	1	1	Marketplace Attribute Id 658	\N	\N	\N	t	\N	\N	\N	1
221	Attribute Name 661	Boolean	1	1	Marketplace Attribute Id 661	\N	\N	\N	t	\N	\N	\N	1
222	Attribute Name 664	Boolean	1	1	Marketplace Attribute Id 664	\N	\N	\N	t	\N	\N	\N	1
223	Attribute Name 667	Boolean	1	1	Marketplace Attribute Id 667	\N	\N	\N	t	\N	\N	\N	1
224	Attribute Name 670	Boolean	1	1	Marketplace Attribute Id 670	\N	\N	\N	t	\N	\N	\N	1
225	Attribute Name 673	Boolean	1	1	Marketplace Attribute Id 673	\N	\N	\N	t	\N	\N	\N	1
226	Attribute Name 676	Boolean	1	1	Marketplace Attribute Id 676	\N	\N	\N	t	\N	\N	\N	1
227	Attribute Name 679	Boolean	1	1	Marketplace Attribute Id 679	\N	\N	\N	t	\N	\N	\N	1
228	Attribute Name 682	Boolean	1	1	Marketplace Attribute Id 682	\N	\N	\N	t	\N	\N	\N	1
229	Attribute Name 685	Boolean	1	1	Marketplace Attribute Id 685	\N	\N	\N	t	\N	\N	\N	1
230	Attribute Name 688	Boolean	1	1	Marketplace Attribute Id 688	\N	\N	\N	t	\N	\N	\N	1
231	Attribute Name 691	Boolean	1	1	Marketplace Attribute Id 691	\N	\N	\N	t	\N	\N	\N	1
232	Attribute Name 694	Boolean	1	1	Marketplace Attribute Id 694	\N	\N	\N	t	\N	\N	\N	1
233	Attribute Name 697	Boolean	1	1	Marketplace Attribute Id 697	\N	\N	\N	t	\N	\N	\N	1
234	Attribute Name 700	Boolean	1	1	Marketplace Attribute Id 700	\N	\N	\N	t	\N	\N	\N	1
235	Attribute Name 703	Boolean	1	1	Marketplace Attribute Id 703	\N	\N	\N	t	\N	\N	\N	1
236	Attribute Name 706	Boolean	1	1	Marketplace Attribute Id 706	\N	\N	\N	t	\N	\N	\N	1
237	Attribute Name 709	Boolean	1	1	Marketplace Attribute Id 709	\N	\N	\N	t	\N	\N	\N	1
238	Attribute Name 712	Boolean	1	1	Marketplace Attribute Id 712	\N	\N	\N	t	\N	\N	\N	1
239	Attribute Name 715	Boolean	1	1	Marketplace Attribute Id 715	\N	\N	\N	t	\N	\N	\N	1
240	Attribute Name 718	Boolean	1	1	Marketplace Attribute Id 718	\N	\N	\N	t	\N	\N	\N	1
241	Attribute Name 721	Boolean	1	1	Marketplace Attribute Id 721	\N	\N	\N	t	\N	\N	\N	1
242	Attribute Name 724	Boolean	1	1	Marketplace Attribute Id 724	\N	\N	\N	t	\N	\N	\N	1
243	Attribute Name 727	Boolean	1	1	Marketplace Attribute Id 727	\N	\N	\N	t	\N	\N	\N	1
244	Attribute Name 730	Boolean	1	1	Marketplace Attribute Id 730	\N	\N	\N	t	\N	\N	\N	1
245	Attribute Name 733	Boolean	1	1	Marketplace Attribute Id 733	\N	\N	\N	t	\N	\N	\N	1
246	Attribute Name 736	Boolean	1	1	Marketplace Attribute Id 736	\N	\N	\N	t	\N	\N	\N	1
247	Attribute Name 739	Boolean	1	1	Marketplace Attribute Id 739	\N	\N	\N	t	\N	\N	\N	1
248	Attribute Name 742	Boolean	1	1	Marketplace Attribute Id 742	\N	\N	\N	t	\N	\N	\N	1
249	Attribute Name 745	Boolean	1	1	Marketplace Attribute Id 745	\N	\N	\N	t	\N	\N	\N	1
250	Attribute Name 748	Boolean	1	1	Marketplace Attribute Id 748	\N	\N	\N	t	\N	\N	\N	1
251	Attribute Name 751	Boolean	1	1	Marketplace Attribute Id 751	\N	\N	\N	t	\N	\N	\N	1
252	Attribute Name 754	Boolean	1	1	Marketplace Attribute Id 754	\N	\N	\N	t	\N	\N	\N	1
253	Attribute Name 757	Boolean	1	1	Marketplace Attribute Id 757	\N	\N	\N	t	\N	\N	\N	1
254	Attribute Name 760	Boolean	1	1	Marketplace Attribute Id 760	\N	\N	\N	t	\N	\N	\N	1
255	Attribute Name 763	Boolean	1	1	Marketplace Attribute Id 763	\N	\N	\N	t	\N	\N	\N	1
256	Attribute Name 766	Boolean	1	1	Marketplace Attribute Id 766	\N	\N	\N	t	\N	\N	\N	1
257	Attribute Name 769	Boolean	1	1	Marketplace Attribute Id 769	\N	\N	\N	t	\N	\N	\N	1
258	Attribute Name 772	Boolean	1	1	Marketplace Attribute Id 772	\N	\N	\N	t	\N	\N	\N	1
259	Attribute Name 775	Boolean	1	1	Marketplace Attribute Id 775	\N	\N	\N	t	\N	\N	\N	1
260	Attribute Name 778	Boolean	1	1	Marketplace Attribute Id 778	\N	\N	\N	t	\N	\N	\N	1
261	Attribute Name 781	Boolean	1	1	Marketplace Attribute Id 781	\N	\N	\N	t	\N	\N	\N	1
262	Attribute Name 784	Boolean	1	1	Marketplace Attribute Id 784	\N	\N	\N	t	\N	\N	\N	1
263	Attribute Name 787	Boolean	1	1	Marketplace Attribute Id 787	\N	\N	\N	t	\N	\N	\N	1
264	Attribute Name 790	Boolean	1	1	Marketplace Attribute Id 790	\N	\N	\N	t	\N	\N	\N	1
265	Attribute Name 793	Boolean	1	1	Marketplace Attribute Id 793	\N	\N	\N	t	\N	\N	\N	1
266	Attribute Name 796	Boolean	1	1	Marketplace Attribute Id 796	\N	\N	\N	t	\N	\N	\N	1
267	Attribute Name 799	Boolean	1	1	Marketplace Attribute Id 799	\N	\N	\N	t	\N	\N	\N	1
268	Attribute Name 802	Boolean	1	1	Marketplace Attribute Id 802	\N	\N	\N	t	\N	\N	\N	1
269	Attribute Name 805	Boolean	1	1	Marketplace Attribute Id 805	\N	\N	\N	t	\N	\N	\N	1
270	Attribute Name 808	Boolean	1	1	Marketplace Attribute Id 808	\N	\N	\N	t	\N	\N	\N	1
271	Attribute Name 811	Boolean	1	1	Marketplace Attribute Id 811	\N	\N	\N	t	\N	\N	\N	1
272	Attribute Name 814	Boolean	1	1	Marketplace Attribute Id 814	\N	\N	\N	t	\N	\N	\N	1
273	Attribute Name 817	Boolean	1	1	Marketplace Attribute Id 817	\N	\N	\N	t	\N	\N	\N	1
274	Attribute Name 820	Boolean	1	1	Marketplace Attribute Id 820	\N	\N	\N	t	\N	\N	\N	1
275	Attribute Name 823	Boolean	1	1	Marketplace Attribute Id 823	\N	\N	\N	t	\N	\N	\N	1
276	Attribute Name 826	Boolean	1	1	Marketplace Attribute Id 826	\N	\N	\N	t	\N	\N	\N	1
277	Attribute Name 829	Boolean	1	1	Marketplace Attribute Id 829	\N	\N	\N	t	\N	\N	\N	1
278	Attribute Name 832	Boolean	1	1	Marketplace Attribute Id 832	\N	\N	\N	t	\N	\N	\N	1
279	Attribute Name 835	Boolean	1	1	Marketplace Attribute Id 835	\N	\N	\N	t	\N	\N	\N	1
280	Attribute Name 838	Boolean	1	1	Marketplace Attribute Id 838	\N	\N	\N	t	\N	\N	\N	1
281	Attribute Name 841	Boolean	1	1	Marketplace Attribute Id 841	\N	\N	\N	t	\N	\N	\N	1
282	Attribute Name 844	Boolean	1	1	Marketplace Attribute Id 844	\N	\N	\N	t	\N	\N	\N	1
283	Attribute Name 847	Boolean	1	1	Marketplace Attribute Id 847	\N	\N	\N	t	\N	\N	\N	1
284	Attribute Name 850	Boolean	1	1	Marketplace Attribute Id 850	\N	\N	\N	t	\N	\N	\N	1
285	Attribute Name 853	Boolean	1	1	Marketplace Attribute Id 853	\N	\N	\N	t	\N	\N	\N	1
286	Attribute Name 856	Boolean	1	1	Marketplace Attribute Id 856	\N	\N	\N	t	\N	\N	\N	1
287	Attribute Name 859	Boolean	1	1	Marketplace Attribute Id 859	\N	\N	\N	t	\N	\N	\N	1
288	Attribute Name 862	Boolean	1	1	Marketplace Attribute Id 862	\N	\N	\N	t	\N	\N	\N	1
289	Attribute Name 865	Boolean	1	1	Marketplace Attribute Id 865	\N	\N	\N	t	\N	\N	\N	1
290	Attribute Name 868	Boolean	1	1	Marketplace Attribute Id 868	\N	\N	\N	t	\N	\N	\N	1
291	Attribute Name 871	Boolean	1	1	Marketplace Attribute Id 871	\N	\N	\N	t	\N	\N	\N	1
292	Attribute Name 874	Boolean	1	1	Marketplace Attribute Id 874	\N	\N	\N	t	\N	\N	\N	1
293	Attribute Name 877	Boolean	1	1	Marketplace Attribute Id 877	\N	\N	\N	t	\N	\N	\N	1
294	Attribute Name 880	Boolean	1	1	Marketplace Attribute Id 880	\N	\N	\N	t	\N	\N	\N	1
295	Attribute Name 883	Boolean	1	1	Marketplace Attribute Id 883	\N	\N	\N	t	\N	\N	\N	1
296	Attribute Name 886	Boolean	1	1	Marketplace Attribute Id 886	\N	\N	\N	t	\N	\N	\N	1
297	Attribute Name 889	Boolean	1	1	Marketplace Attribute Id 889	\N	\N	\N	t	\N	\N	\N	1
298	Attribute Name 892	Boolean	1	1	Marketplace Attribute Id 892	\N	\N	\N	t	\N	\N	\N	1
299	Attribute Name 895	Boolean	1	1	Marketplace Attribute Id 895	\N	\N	\N	t	\N	\N	\N	1
300	Attribute Name 898	Boolean	1	1	Marketplace Attribute Id 898	\N	\N	\N	t	\N	\N	\N	1
301	Attribute Name 2	Boolean	1	1	Marketplace Attribute Id 2	\N	\N	\N	t	\N	\N	1	1
302	Attribute Name 5	Boolean	1	1	Marketplace Attribute Id 5	\N	\N	\N	t	\N	\N	2	1
303	Attribute Name 8	Boolean	1	1	Marketplace Attribute Id 8	\N	\N	\N	t	\N	\N	3	1
304	Attribute Name 11	Boolean	1	1	Marketplace Attribute Id 11	\N	\N	\N	t	\N	\N	4	1
305	Attribute Name 14	Boolean	1	1	Marketplace Attribute Id 14	\N	\N	\N	t	\N	\N	5	1
306	Attribute Name 17	Boolean	1	1	Marketplace Attribute Id 17	\N	\N	\N	t	\N	\N	6	1
307	Attribute Name 20	Boolean	1	1	Marketplace Attribute Id 20	\N	\N	\N	t	\N	\N	7	1
308	Attribute Name 23	Boolean	1	1	Marketplace Attribute Id 23	\N	\N	\N	t	\N	\N	8	1
309	Attribute Name 26	Boolean	1	1	Marketplace Attribute Id 26	\N	\N	\N	t	\N	\N	9	1
310	Attribute Name 29	Boolean	1	1	Marketplace Attribute Id 29	\N	\N	\N	t	\N	\N	10	1
311	Attribute Name 32	Boolean	1	1	Marketplace Attribute Id 32	\N	\N	\N	t	\N	\N	11	1
312	Attribute Name 35	Boolean	1	1	Marketplace Attribute Id 35	\N	\N	\N	t	\N	\N	12	1
313	Attribute Name 38	Boolean	1	1	Marketplace Attribute Id 38	\N	\N	\N	t	\N	\N	13	1
314	Attribute Name 41	Boolean	1	1	Marketplace Attribute Id 41	\N	\N	\N	t	\N	\N	14	1
315	Attribute Name 44	Boolean	1	1	Marketplace Attribute Id 44	\N	\N	\N	t	\N	\N	15	1
316	Attribute Name 47	Boolean	1	1	Marketplace Attribute Id 47	\N	\N	\N	t	\N	\N	16	1
317	Attribute Name 50	Boolean	1	1	Marketplace Attribute Id 50	\N	\N	\N	t	\N	\N	17	1
318	Attribute Name 53	Boolean	1	1	Marketplace Attribute Id 53	\N	\N	\N	t	\N	\N	18	1
319	Attribute Name 56	Boolean	1	1	Marketplace Attribute Id 56	\N	\N	\N	t	\N	\N	19	1
320	Attribute Name 59	Boolean	1	1	Marketplace Attribute Id 59	\N	\N	\N	t	\N	\N	20	1
321	Attribute Name 62	Boolean	1	1	Marketplace Attribute Id 62	\N	\N	\N	t	\N	\N	21	1
322	Attribute Name 65	Boolean	1	1	Marketplace Attribute Id 65	\N	\N	\N	t	\N	\N	22	1
323	Attribute Name 68	Boolean	1	1	Marketplace Attribute Id 68	\N	\N	\N	t	\N	\N	23	1
324	Attribute Name 71	Boolean	1	1	Marketplace Attribute Id 71	\N	\N	\N	t	\N	\N	24	1
325	Attribute Name 74	Boolean	1	1	Marketplace Attribute Id 74	\N	\N	\N	t	\N	\N	25	1
326	Attribute Name 77	Boolean	1	1	Marketplace Attribute Id 77	\N	\N	\N	t	\N	\N	26	1
327	Attribute Name 80	Boolean	1	1	Marketplace Attribute Id 80	\N	\N	\N	t	\N	\N	27	1
328	Attribute Name 83	Boolean	1	1	Marketplace Attribute Id 83	\N	\N	\N	t	\N	\N	28	1
329	Attribute Name 86	Boolean	1	1	Marketplace Attribute Id 86	\N	\N	\N	t	\N	\N	29	1
330	Attribute Name 89	Boolean	1	1	Marketplace Attribute Id 89	\N	\N	\N	t	\N	\N	30	1
331	Attribute Name 92	Boolean	1	1	Marketplace Attribute Id 92	\N	\N	\N	t	\N	\N	31	1
332	Attribute Name 95	Boolean	1	1	Marketplace Attribute Id 95	\N	\N	\N	t	\N	\N	32	1
333	Attribute Name 98	Boolean	1	1	Marketplace Attribute Id 98	\N	\N	\N	t	\N	\N	33	1
334	Attribute Name 101	Boolean	1	1	Marketplace Attribute Id 101	\N	\N	\N	t	\N	\N	34	1
335	Attribute Name 104	Boolean	1	1	Marketplace Attribute Id 104	\N	\N	\N	t	\N	\N	35	1
336	Attribute Name 107	Boolean	1	1	Marketplace Attribute Id 107	\N	\N	\N	t	\N	\N	36	1
337	Attribute Name 110	Boolean	1	1	Marketplace Attribute Id 110	\N	\N	\N	t	\N	\N	37	1
338	Attribute Name 113	Boolean	1	1	Marketplace Attribute Id 113	\N	\N	\N	t	\N	\N	38	1
339	Attribute Name 116	Boolean	1	1	Marketplace Attribute Id 116	\N	\N	\N	t	\N	\N	39	1
340	Attribute Name 119	Boolean	1	1	Marketplace Attribute Id 119	\N	\N	\N	t	\N	\N	40	1
341	Attribute Name 122	Boolean	1	1	Marketplace Attribute Id 122	\N	\N	\N	t	\N	\N	41	1
342	Attribute Name 125	Boolean	1	1	Marketplace Attribute Id 125	\N	\N	\N	t	\N	\N	42	1
343	Attribute Name 128	Boolean	1	1	Marketplace Attribute Id 128	\N	\N	\N	t	\N	\N	43	1
344	Attribute Name 131	Boolean	1	1	Marketplace Attribute Id 131	\N	\N	\N	t	\N	\N	44	1
345	Attribute Name 134	Boolean	1	1	Marketplace Attribute Id 134	\N	\N	\N	t	\N	\N	45	1
346	Attribute Name 137	Boolean	1	1	Marketplace Attribute Id 137	\N	\N	\N	t	\N	\N	46	1
347	Attribute Name 140	Boolean	1	1	Marketplace Attribute Id 140	\N	\N	\N	t	\N	\N	47	1
348	Attribute Name 143	Boolean	1	1	Marketplace Attribute Id 143	\N	\N	\N	t	\N	\N	48	1
349	Attribute Name 146	Boolean	1	1	Marketplace Attribute Id 146	\N	\N	\N	t	\N	\N	49	1
350	Attribute Name 149	Boolean	1	1	Marketplace Attribute Id 149	\N	\N	\N	t	\N	\N	50	1
351	Attribute Name 152	Boolean	1	1	Marketplace Attribute Id 152	\N	\N	\N	t	\N	\N	51	1
352	Attribute Name 155	Boolean	1	1	Marketplace Attribute Id 155	\N	\N	\N	t	\N	\N	52	1
353	Attribute Name 158	Boolean	1	1	Marketplace Attribute Id 158	\N	\N	\N	t	\N	\N	53	1
354	Attribute Name 161	Boolean	1	1	Marketplace Attribute Id 161	\N	\N	\N	t	\N	\N	54	1
355	Attribute Name 164	Boolean	1	1	Marketplace Attribute Id 164	\N	\N	\N	t	\N	\N	55	1
356	Attribute Name 167	Boolean	1	1	Marketplace Attribute Id 167	\N	\N	\N	t	\N	\N	56	1
357	Attribute Name 170	Boolean	1	1	Marketplace Attribute Id 170	\N	\N	\N	t	\N	\N	57	1
358	Attribute Name 173	Boolean	1	1	Marketplace Attribute Id 173	\N	\N	\N	t	\N	\N	58	1
359	Attribute Name 176	Boolean	1	1	Marketplace Attribute Id 176	\N	\N	\N	t	\N	\N	59	1
360	Attribute Name 179	Boolean	1	1	Marketplace Attribute Id 179	\N	\N	\N	t	\N	\N	60	1
361	Attribute Name 182	Boolean	1	1	Marketplace Attribute Id 182	\N	\N	\N	t	\N	\N	61	1
362	Attribute Name 185	Boolean	1	1	Marketplace Attribute Id 185	\N	\N	\N	t	\N	\N	62	1
363	Attribute Name 188	Boolean	1	1	Marketplace Attribute Id 188	\N	\N	\N	t	\N	\N	63	1
364	Attribute Name 191	Boolean	1	1	Marketplace Attribute Id 191	\N	\N	\N	t	\N	\N	64	1
365	Attribute Name 194	Boolean	1	1	Marketplace Attribute Id 194	\N	\N	\N	t	\N	\N	65	1
366	Attribute Name 197	Boolean	1	1	Marketplace Attribute Id 197	\N	\N	\N	t	\N	\N	66	1
367	Attribute Name 200	Boolean	1	1	Marketplace Attribute Id 200	\N	\N	\N	t	\N	\N	67	1
368	Attribute Name 203	Boolean	1	1	Marketplace Attribute Id 203	\N	\N	\N	t	\N	\N	68	1
369	Attribute Name 206	Boolean	1	1	Marketplace Attribute Id 206	\N	\N	\N	t	\N	\N	69	1
370	Attribute Name 209	Boolean	1	1	Marketplace Attribute Id 209	\N	\N	\N	t	\N	\N	70	1
371	Attribute Name 212	Boolean	1	1	Marketplace Attribute Id 212	\N	\N	\N	t	\N	\N	71	1
372	Attribute Name 215	Boolean	1	1	Marketplace Attribute Id 215	\N	\N	\N	t	\N	\N	72	1
373	Attribute Name 218	Boolean	1	1	Marketplace Attribute Id 218	\N	\N	\N	t	\N	\N	73	1
374	Attribute Name 221	Boolean	1	1	Marketplace Attribute Id 221	\N	\N	\N	t	\N	\N	74	1
375	Attribute Name 224	Boolean	1	1	Marketplace Attribute Id 224	\N	\N	\N	t	\N	\N	75	1
376	Attribute Name 227	Boolean	1	1	Marketplace Attribute Id 227	\N	\N	\N	t	\N	\N	76	1
377	Attribute Name 230	Boolean	1	1	Marketplace Attribute Id 230	\N	\N	\N	t	\N	\N	77	1
378	Attribute Name 233	Boolean	1	1	Marketplace Attribute Id 233	\N	\N	\N	t	\N	\N	78	1
379	Attribute Name 236	Boolean	1	1	Marketplace Attribute Id 236	\N	\N	\N	t	\N	\N	79	1
380	Attribute Name 239	Boolean	1	1	Marketplace Attribute Id 239	\N	\N	\N	t	\N	\N	80	1
381	Attribute Name 242	Boolean	1	1	Marketplace Attribute Id 242	\N	\N	\N	t	\N	\N	81	1
382	Attribute Name 245	Boolean	1	1	Marketplace Attribute Id 245	\N	\N	\N	t	\N	\N	82	1
383	Attribute Name 248	Boolean	1	1	Marketplace Attribute Id 248	\N	\N	\N	t	\N	\N	83	1
384	Attribute Name 251	Boolean	1	1	Marketplace Attribute Id 251	\N	\N	\N	t	\N	\N	84	1
385	Attribute Name 254	Boolean	1	1	Marketplace Attribute Id 254	\N	\N	\N	t	\N	\N	85	1
386	Attribute Name 257	Boolean	1	1	Marketplace Attribute Id 257	\N	\N	\N	t	\N	\N	86	1
387	Attribute Name 260	Boolean	1	1	Marketplace Attribute Id 260	\N	\N	\N	t	\N	\N	87	1
388	Attribute Name 263	Boolean	1	1	Marketplace Attribute Id 263	\N	\N	\N	t	\N	\N	88	1
389	Attribute Name 266	Boolean	1	1	Marketplace Attribute Id 266	\N	\N	\N	t	\N	\N	89	1
390	Attribute Name 269	Boolean	1	1	Marketplace Attribute Id 269	\N	\N	\N	t	\N	\N	90	1
391	Attribute Name 272	Boolean	1	1	Marketplace Attribute Id 272	\N	\N	\N	t	\N	\N	91	1
392	Attribute Name 275	Boolean	1	1	Marketplace Attribute Id 275	\N	\N	\N	t	\N	\N	92	1
393	Attribute Name 278	Boolean	1	1	Marketplace Attribute Id 278	\N	\N	\N	t	\N	\N	93	1
394	Attribute Name 281	Boolean	1	1	Marketplace Attribute Id 281	\N	\N	\N	t	\N	\N	94	1
395	Attribute Name 284	Boolean	1	1	Marketplace Attribute Id 284	\N	\N	\N	t	\N	\N	95	1
396	Attribute Name 287	Boolean	1	1	Marketplace Attribute Id 287	\N	\N	\N	t	\N	\N	96	1
397	Attribute Name 290	Boolean	1	1	Marketplace Attribute Id 290	\N	\N	\N	t	\N	\N	97	1
398	Attribute Name 293	Boolean	1	1	Marketplace Attribute Id 293	\N	\N	\N	t	\N	\N	98	1
399	Attribute Name 296	Boolean	1	1	Marketplace Attribute Id 296	\N	\N	\N	t	\N	\N	99	1
400	Attribute Name 299	Boolean	1	1	Marketplace Attribute Id 299	\N	\N	\N	t	\N	\N	100	1
401	Attribute Name 302	Boolean	1	1	Marketplace Attribute Id 302	\N	\N	\N	t	\N	\N	101	1
402	Attribute Name 305	Boolean	1	1	Marketplace Attribute Id 305	\N	\N	\N	t	\N	\N	102	1
403	Attribute Name 308	Boolean	1	1	Marketplace Attribute Id 308	\N	\N	\N	t	\N	\N	103	1
404	Attribute Name 311	Boolean	1	1	Marketplace Attribute Id 311	\N	\N	\N	t	\N	\N	104	1
405	Attribute Name 314	Boolean	1	1	Marketplace Attribute Id 314	\N	\N	\N	t	\N	\N	105	1
406	Attribute Name 317	Boolean	1	1	Marketplace Attribute Id 317	\N	\N	\N	t	\N	\N	106	1
407	Attribute Name 320	Boolean	1	1	Marketplace Attribute Id 320	\N	\N	\N	t	\N	\N	107	1
408	Attribute Name 323	Boolean	1	1	Marketplace Attribute Id 323	\N	\N	\N	t	\N	\N	108	1
409	Attribute Name 326	Boolean	1	1	Marketplace Attribute Id 326	\N	\N	\N	t	\N	\N	109	1
410	Attribute Name 329	Boolean	1	1	Marketplace Attribute Id 329	\N	\N	\N	t	\N	\N	110	1
411	Attribute Name 332	Boolean	1	1	Marketplace Attribute Id 332	\N	\N	\N	t	\N	\N	111	1
412	Attribute Name 335	Boolean	1	1	Marketplace Attribute Id 335	\N	\N	\N	t	\N	\N	112	1
413	Attribute Name 338	Boolean	1	1	Marketplace Attribute Id 338	\N	\N	\N	t	\N	\N	113	1
414	Attribute Name 341	Boolean	1	1	Marketplace Attribute Id 341	\N	\N	\N	t	\N	\N	114	1
415	Attribute Name 344	Boolean	1	1	Marketplace Attribute Id 344	\N	\N	\N	t	\N	\N	115	1
416	Attribute Name 347	Boolean	1	1	Marketplace Attribute Id 347	\N	\N	\N	t	\N	\N	116	1
417	Attribute Name 350	Boolean	1	1	Marketplace Attribute Id 350	\N	\N	\N	t	\N	\N	117	1
418	Attribute Name 353	Boolean	1	1	Marketplace Attribute Id 353	\N	\N	\N	t	\N	\N	118	1
419	Attribute Name 356	Boolean	1	1	Marketplace Attribute Id 356	\N	\N	\N	t	\N	\N	119	1
420	Attribute Name 359	Boolean	1	1	Marketplace Attribute Id 359	\N	\N	\N	t	\N	\N	120	1
421	Attribute Name 362	Boolean	1	1	Marketplace Attribute Id 362	\N	\N	\N	t	\N	\N	121	1
422	Attribute Name 365	Boolean	1	1	Marketplace Attribute Id 365	\N	\N	\N	t	\N	\N	122	1
423	Attribute Name 368	Boolean	1	1	Marketplace Attribute Id 368	\N	\N	\N	t	\N	\N	123	1
424	Attribute Name 371	Boolean	1	1	Marketplace Attribute Id 371	\N	\N	\N	t	\N	\N	124	1
425	Attribute Name 374	Boolean	1	1	Marketplace Attribute Id 374	\N	\N	\N	t	\N	\N	125	1
426	Attribute Name 377	Boolean	1	1	Marketplace Attribute Id 377	\N	\N	\N	t	\N	\N	126	1
427	Attribute Name 380	Boolean	1	1	Marketplace Attribute Id 380	\N	\N	\N	t	\N	\N	127	1
428	Attribute Name 383	Boolean	1	1	Marketplace Attribute Id 383	\N	\N	\N	t	\N	\N	128	1
429	Attribute Name 386	Boolean	1	1	Marketplace Attribute Id 386	\N	\N	\N	t	\N	\N	129	1
430	Attribute Name 389	Boolean	1	1	Marketplace Attribute Id 389	\N	\N	\N	t	\N	\N	130	1
431	Attribute Name 392	Boolean	1	1	Marketplace Attribute Id 392	\N	\N	\N	t	\N	\N	131	1
432	Attribute Name 395	Boolean	1	1	Marketplace Attribute Id 395	\N	\N	\N	t	\N	\N	132	1
433	Attribute Name 398	Boolean	1	1	Marketplace Attribute Id 398	\N	\N	\N	t	\N	\N	133	1
434	Attribute Name 401	Boolean	1	1	Marketplace Attribute Id 401	\N	\N	\N	t	\N	\N	134	1
435	Attribute Name 404	Boolean	1	1	Marketplace Attribute Id 404	\N	\N	\N	t	\N	\N	135	1
436	Attribute Name 407	Boolean	1	1	Marketplace Attribute Id 407	\N	\N	\N	t	\N	\N	136	1
437	Attribute Name 410	Boolean	1	1	Marketplace Attribute Id 410	\N	\N	\N	t	\N	\N	137	1
438	Attribute Name 413	Boolean	1	1	Marketplace Attribute Id 413	\N	\N	\N	t	\N	\N	138	1
439	Attribute Name 416	Boolean	1	1	Marketplace Attribute Id 416	\N	\N	\N	t	\N	\N	139	1
440	Attribute Name 419	Boolean	1	1	Marketplace Attribute Id 419	\N	\N	\N	t	\N	\N	140	1
441	Attribute Name 422	Boolean	1	1	Marketplace Attribute Id 422	\N	\N	\N	t	\N	\N	141	1
442	Attribute Name 425	Boolean	1	1	Marketplace Attribute Id 425	\N	\N	\N	t	\N	\N	142	1
443	Attribute Name 428	Boolean	1	1	Marketplace Attribute Id 428	\N	\N	\N	t	\N	\N	143	1
444	Attribute Name 431	Boolean	1	1	Marketplace Attribute Id 431	\N	\N	\N	t	\N	\N	144	1
445	Attribute Name 434	Boolean	1	1	Marketplace Attribute Id 434	\N	\N	\N	t	\N	\N	145	1
446	Attribute Name 437	Boolean	1	1	Marketplace Attribute Id 437	\N	\N	\N	t	\N	\N	146	1
447	Attribute Name 440	Boolean	1	1	Marketplace Attribute Id 440	\N	\N	\N	t	\N	\N	147	1
448	Attribute Name 443	Boolean	1	1	Marketplace Attribute Id 443	\N	\N	\N	t	\N	\N	148	1
449	Attribute Name 446	Boolean	1	1	Marketplace Attribute Id 446	\N	\N	\N	t	\N	\N	149	1
450	Attribute Name 449	Boolean	1	1	Marketplace Attribute Id 449	\N	\N	\N	t	\N	\N	150	1
451	Attribute Name 452	Boolean	1	1	Marketplace Attribute Id 452	\N	\N	\N	t	\N	\N	151	1
452	Attribute Name 455	Boolean	1	1	Marketplace Attribute Id 455	\N	\N	\N	t	\N	\N	152	1
453	Attribute Name 458	Boolean	1	1	Marketplace Attribute Id 458	\N	\N	\N	t	\N	\N	153	1
454	Attribute Name 461	Boolean	1	1	Marketplace Attribute Id 461	\N	\N	\N	t	\N	\N	154	1
455	Attribute Name 464	Boolean	1	1	Marketplace Attribute Id 464	\N	\N	\N	t	\N	\N	155	1
456	Attribute Name 467	Boolean	1	1	Marketplace Attribute Id 467	\N	\N	\N	t	\N	\N	156	1
457	Attribute Name 470	Boolean	1	1	Marketplace Attribute Id 470	\N	\N	\N	t	\N	\N	157	1
458	Attribute Name 473	Boolean	1	1	Marketplace Attribute Id 473	\N	\N	\N	t	\N	\N	158	1
459	Attribute Name 476	Boolean	1	1	Marketplace Attribute Id 476	\N	\N	\N	t	\N	\N	159	1
460	Attribute Name 479	Boolean	1	1	Marketplace Attribute Id 479	\N	\N	\N	t	\N	\N	160	1
461	Attribute Name 482	Boolean	1	1	Marketplace Attribute Id 482	\N	\N	\N	t	\N	\N	161	1
462	Attribute Name 485	Boolean	1	1	Marketplace Attribute Id 485	\N	\N	\N	t	\N	\N	162	1
463	Attribute Name 488	Boolean	1	1	Marketplace Attribute Id 488	\N	\N	\N	t	\N	\N	163	1
464	Attribute Name 491	Boolean	1	1	Marketplace Attribute Id 491	\N	\N	\N	t	\N	\N	164	1
465	Attribute Name 494	Boolean	1	1	Marketplace Attribute Id 494	\N	\N	\N	t	\N	\N	165	1
466	Attribute Name 497	Boolean	1	1	Marketplace Attribute Id 497	\N	\N	\N	t	\N	\N	166	1
467	Attribute Name 500	Boolean	1	1	Marketplace Attribute Id 500	\N	\N	\N	t	\N	\N	167	1
468	Attribute Name 503	Boolean	1	1	Marketplace Attribute Id 503	\N	\N	\N	t	\N	\N	168	1
469	Attribute Name 506	Boolean	1	1	Marketplace Attribute Id 506	\N	\N	\N	t	\N	\N	169	1
470	Attribute Name 509	Boolean	1	1	Marketplace Attribute Id 509	\N	\N	\N	t	\N	\N	170	1
471	Attribute Name 512	Boolean	1	1	Marketplace Attribute Id 512	\N	\N	\N	t	\N	\N	171	1
472	Attribute Name 515	Boolean	1	1	Marketplace Attribute Id 515	\N	\N	\N	t	\N	\N	172	1
473	Attribute Name 518	Boolean	1	1	Marketplace Attribute Id 518	\N	\N	\N	t	\N	\N	173	1
474	Attribute Name 521	Boolean	1	1	Marketplace Attribute Id 521	\N	\N	\N	t	\N	\N	174	1
475	Attribute Name 524	Boolean	1	1	Marketplace Attribute Id 524	\N	\N	\N	t	\N	\N	175	1
476	Attribute Name 527	Boolean	1	1	Marketplace Attribute Id 527	\N	\N	\N	t	\N	\N	176	1
477	Attribute Name 530	Boolean	1	1	Marketplace Attribute Id 530	\N	\N	\N	t	\N	\N	177	1
478	Attribute Name 533	Boolean	1	1	Marketplace Attribute Id 533	\N	\N	\N	t	\N	\N	178	1
479	Attribute Name 536	Boolean	1	1	Marketplace Attribute Id 536	\N	\N	\N	t	\N	\N	179	1
480	Attribute Name 539	Boolean	1	1	Marketplace Attribute Id 539	\N	\N	\N	t	\N	\N	180	1
481	Attribute Name 542	Boolean	1	1	Marketplace Attribute Id 542	\N	\N	\N	t	\N	\N	181	1
482	Attribute Name 545	Boolean	1	1	Marketplace Attribute Id 545	\N	\N	\N	t	\N	\N	182	1
483	Attribute Name 548	Boolean	1	1	Marketplace Attribute Id 548	\N	\N	\N	t	\N	\N	183	1
484	Attribute Name 551	Boolean	1	1	Marketplace Attribute Id 551	\N	\N	\N	t	\N	\N	184	1
485	Attribute Name 554	Boolean	1	1	Marketplace Attribute Id 554	\N	\N	\N	t	\N	\N	185	1
486	Attribute Name 557	Boolean	1	1	Marketplace Attribute Id 557	\N	\N	\N	t	\N	\N	186	1
487	Attribute Name 560	Boolean	1	1	Marketplace Attribute Id 560	\N	\N	\N	t	\N	\N	187	1
488	Attribute Name 563	Boolean	1	1	Marketplace Attribute Id 563	\N	\N	\N	t	\N	\N	188	1
489	Attribute Name 566	Boolean	1	1	Marketplace Attribute Id 566	\N	\N	\N	t	\N	\N	189	1
490	Attribute Name 569	Boolean	1	1	Marketplace Attribute Id 569	\N	\N	\N	t	\N	\N	190	1
491	Attribute Name 572	Boolean	1	1	Marketplace Attribute Id 572	\N	\N	\N	t	\N	\N	191	1
492	Attribute Name 575	Boolean	1	1	Marketplace Attribute Id 575	\N	\N	\N	t	\N	\N	192	1
493	Attribute Name 578	Boolean	1	1	Marketplace Attribute Id 578	\N	\N	\N	t	\N	\N	193	1
494	Attribute Name 581	Boolean	1	1	Marketplace Attribute Id 581	\N	\N	\N	t	\N	\N	194	1
495	Attribute Name 584	Boolean	1	1	Marketplace Attribute Id 584	\N	\N	\N	t	\N	\N	195	1
496	Attribute Name 587	Boolean	1	1	Marketplace Attribute Id 587	\N	\N	\N	t	\N	\N	196	1
497	Attribute Name 590	Boolean	1	1	Marketplace Attribute Id 590	\N	\N	\N	t	\N	\N	197	1
498	Attribute Name 593	Boolean	1	1	Marketplace Attribute Id 593	\N	\N	\N	t	\N	\N	198	1
499	Attribute Name 596	Boolean	1	1	Marketplace Attribute Id 596	\N	\N	\N	t	\N	\N	199	1
500	Attribute Name 599	Boolean	1	1	Marketplace Attribute Id 599	\N	\N	\N	t	\N	\N	200	1
501	Attribute Name 602	Boolean	1	1	Marketplace Attribute Id 602	\N	\N	\N	t	\N	\N	201	1
502	Attribute Name 605	Boolean	1	1	Marketplace Attribute Id 605	\N	\N	\N	t	\N	\N	202	1
503	Attribute Name 608	Boolean	1	1	Marketplace Attribute Id 608	\N	\N	\N	t	\N	\N	203	1
504	Attribute Name 611	Boolean	1	1	Marketplace Attribute Id 611	\N	\N	\N	t	\N	\N	204	1
505	Attribute Name 614	Boolean	1	1	Marketplace Attribute Id 614	\N	\N	\N	t	\N	\N	205	1
506	Attribute Name 617	Boolean	1	1	Marketplace Attribute Id 617	\N	\N	\N	t	\N	\N	206	1
507	Attribute Name 620	Boolean	1	1	Marketplace Attribute Id 620	\N	\N	\N	t	\N	\N	207	1
508	Attribute Name 623	Boolean	1	1	Marketplace Attribute Id 623	\N	\N	\N	t	\N	\N	208	1
509	Attribute Name 626	Boolean	1	1	Marketplace Attribute Id 626	\N	\N	\N	t	\N	\N	209	1
510	Attribute Name 629	Boolean	1	1	Marketplace Attribute Id 629	\N	\N	\N	t	\N	\N	210	1
511	Attribute Name 632	Boolean	1	1	Marketplace Attribute Id 632	\N	\N	\N	t	\N	\N	211	1
512	Attribute Name 635	Boolean	1	1	Marketplace Attribute Id 635	\N	\N	\N	t	\N	\N	212	1
513	Attribute Name 638	Boolean	1	1	Marketplace Attribute Id 638	\N	\N	\N	t	\N	\N	213	1
514	Attribute Name 641	Boolean	1	1	Marketplace Attribute Id 641	\N	\N	\N	t	\N	\N	214	1
515	Attribute Name 644	Boolean	1	1	Marketplace Attribute Id 644	\N	\N	\N	t	\N	\N	215	1
516	Attribute Name 647	Boolean	1	1	Marketplace Attribute Id 647	\N	\N	\N	t	\N	\N	216	1
517	Attribute Name 650	Boolean	1	1	Marketplace Attribute Id 650	\N	\N	\N	t	\N	\N	217	1
518	Attribute Name 653	Boolean	1	1	Marketplace Attribute Id 653	\N	\N	\N	t	\N	\N	218	1
519	Attribute Name 656	Boolean	1	1	Marketplace Attribute Id 656	\N	\N	\N	t	\N	\N	219	1
520	Attribute Name 659	Boolean	1	1	Marketplace Attribute Id 659	\N	\N	\N	t	\N	\N	220	1
521	Attribute Name 662	Boolean	1	1	Marketplace Attribute Id 662	\N	\N	\N	t	\N	\N	221	1
522	Attribute Name 665	Boolean	1	1	Marketplace Attribute Id 665	\N	\N	\N	t	\N	\N	222	1
523	Attribute Name 668	Boolean	1	1	Marketplace Attribute Id 668	\N	\N	\N	t	\N	\N	223	1
524	Attribute Name 671	Boolean	1	1	Marketplace Attribute Id 671	\N	\N	\N	t	\N	\N	224	1
525	Attribute Name 674	Boolean	1	1	Marketplace Attribute Id 674	\N	\N	\N	t	\N	\N	225	1
526	Attribute Name 677	Boolean	1	1	Marketplace Attribute Id 677	\N	\N	\N	t	\N	\N	226	1
527	Attribute Name 680	Boolean	1	1	Marketplace Attribute Id 680	\N	\N	\N	t	\N	\N	227	1
528	Attribute Name 683	Boolean	1	1	Marketplace Attribute Id 683	\N	\N	\N	t	\N	\N	228	1
529	Attribute Name 686	Boolean	1	1	Marketplace Attribute Id 686	\N	\N	\N	t	\N	\N	229	1
530	Attribute Name 689	Boolean	1	1	Marketplace Attribute Id 689	\N	\N	\N	t	\N	\N	230	1
531	Attribute Name 692	Boolean	1	1	Marketplace Attribute Id 692	\N	\N	\N	t	\N	\N	231	1
532	Attribute Name 695	Boolean	1	1	Marketplace Attribute Id 695	\N	\N	\N	t	\N	\N	232	1
533	Attribute Name 698	Boolean	1	1	Marketplace Attribute Id 698	\N	\N	\N	t	\N	\N	233	1
534	Attribute Name 701	Boolean	1	1	Marketplace Attribute Id 701	\N	\N	\N	t	\N	\N	234	1
535	Attribute Name 704	Boolean	1	1	Marketplace Attribute Id 704	\N	\N	\N	t	\N	\N	235	1
536	Attribute Name 707	Boolean	1	1	Marketplace Attribute Id 707	\N	\N	\N	t	\N	\N	236	1
537	Attribute Name 710	Boolean	1	1	Marketplace Attribute Id 710	\N	\N	\N	t	\N	\N	237	1
538	Attribute Name 713	Boolean	1	1	Marketplace Attribute Id 713	\N	\N	\N	t	\N	\N	238	1
539	Attribute Name 716	Boolean	1	1	Marketplace Attribute Id 716	\N	\N	\N	t	\N	\N	239	1
540	Attribute Name 719	Boolean	1	1	Marketplace Attribute Id 719	\N	\N	\N	t	\N	\N	240	1
541	Attribute Name 722	Boolean	1	1	Marketplace Attribute Id 722	\N	\N	\N	t	\N	\N	241	1
542	Attribute Name 725	Boolean	1	1	Marketplace Attribute Id 725	\N	\N	\N	t	\N	\N	242	1
543	Attribute Name 728	Boolean	1	1	Marketplace Attribute Id 728	\N	\N	\N	t	\N	\N	243	1
544	Attribute Name 731	Boolean	1	1	Marketplace Attribute Id 731	\N	\N	\N	t	\N	\N	244	1
545	Attribute Name 734	Boolean	1	1	Marketplace Attribute Id 734	\N	\N	\N	t	\N	\N	245	1
546	Attribute Name 737	Boolean	1	1	Marketplace Attribute Id 737	\N	\N	\N	t	\N	\N	246	1
547	Attribute Name 740	Boolean	1	1	Marketplace Attribute Id 740	\N	\N	\N	t	\N	\N	247	1
548	Attribute Name 743	Boolean	1	1	Marketplace Attribute Id 743	\N	\N	\N	t	\N	\N	248	1
549	Attribute Name 746	Boolean	1	1	Marketplace Attribute Id 746	\N	\N	\N	t	\N	\N	249	1
550	Attribute Name 749	Boolean	1	1	Marketplace Attribute Id 749	\N	\N	\N	t	\N	\N	250	1
551	Attribute Name 752	Boolean	1	1	Marketplace Attribute Id 752	\N	\N	\N	t	\N	\N	251	1
552	Attribute Name 755	Boolean	1	1	Marketplace Attribute Id 755	\N	\N	\N	t	\N	\N	252	1
553	Attribute Name 758	Boolean	1	1	Marketplace Attribute Id 758	\N	\N	\N	t	\N	\N	253	1
554	Attribute Name 761	Boolean	1	1	Marketplace Attribute Id 761	\N	\N	\N	t	\N	\N	254	1
555	Attribute Name 764	Boolean	1	1	Marketplace Attribute Id 764	\N	\N	\N	t	\N	\N	255	1
556	Attribute Name 767	Boolean	1	1	Marketplace Attribute Id 767	\N	\N	\N	t	\N	\N	256	1
557	Attribute Name 770	Boolean	1	1	Marketplace Attribute Id 770	\N	\N	\N	t	\N	\N	257	1
558	Attribute Name 773	Boolean	1	1	Marketplace Attribute Id 773	\N	\N	\N	t	\N	\N	258	1
559	Attribute Name 776	Boolean	1	1	Marketplace Attribute Id 776	\N	\N	\N	t	\N	\N	259	1
560	Attribute Name 779	Boolean	1	1	Marketplace Attribute Id 779	\N	\N	\N	t	\N	\N	260	1
561	Attribute Name 782	Boolean	1	1	Marketplace Attribute Id 782	\N	\N	\N	t	\N	\N	261	1
562	Attribute Name 785	Boolean	1	1	Marketplace Attribute Id 785	\N	\N	\N	t	\N	\N	262	1
563	Attribute Name 788	Boolean	1	1	Marketplace Attribute Id 788	\N	\N	\N	t	\N	\N	263	1
564	Attribute Name 791	Boolean	1	1	Marketplace Attribute Id 791	\N	\N	\N	t	\N	\N	264	1
565	Attribute Name 794	Boolean	1	1	Marketplace Attribute Id 794	\N	\N	\N	t	\N	\N	265	1
566	Attribute Name 797	Boolean	1	1	Marketplace Attribute Id 797	\N	\N	\N	t	\N	\N	266	1
567	Attribute Name 800	Boolean	1	1	Marketplace Attribute Id 800	\N	\N	\N	t	\N	\N	267	1
568	Attribute Name 803	Boolean	1	1	Marketplace Attribute Id 803	\N	\N	\N	t	\N	\N	268	1
569	Attribute Name 806	Boolean	1	1	Marketplace Attribute Id 806	\N	\N	\N	t	\N	\N	269	1
570	Attribute Name 809	Boolean	1	1	Marketplace Attribute Id 809	\N	\N	\N	t	\N	\N	270	1
571	Attribute Name 812	Boolean	1	1	Marketplace Attribute Id 812	\N	\N	\N	t	\N	\N	271	1
572	Attribute Name 815	Boolean	1	1	Marketplace Attribute Id 815	\N	\N	\N	t	\N	\N	272	1
573	Attribute Name 818	Boolean	1	1	Marketplace Attribute Id 818	\N	\N	\N	t	\N	\N	273	1
574	Attribute Name 821	Boolean	1	1	Marketplace Attribute Id 821	\N	\N	\N	t	\N	\N	274	1
575	Attribute Name 824	Boolean	1	1	Marketplace Attribute Id 824	\N	\N	\N	t	\N	\N	275	1
576	Attribute Name 827	Boolean	1	1	Marketplace Attribute Id 827	\N	\N	\N	t	\N	\N	276	1
577	Attribute Name 830	Boolean	1	1	Marketplace Attribute Id 830	\N	\N	\N	t	\N	\N	277	1
578	Attribute Name 833	Boolean	1	1	Marketplace Attribute Id 833	\N	\N	\N	t	\N	\N	278	1
579	Attribute Name 836	Boolean	1	1	Marketplace Attribute Id 836	\N	\N	\N	t	\N	\N	279	1
580	Attribute Name 839	Boolean	1	1	Marketplace Attribute Id 839	\N	\N	\N	t	\N	\N	280	1
581	Attribute Name 842	Boolean	1	1	Marketplace Attribute Id 842	\N	\N	\N	t	\N	\N	281	1
582	Attribute Name 845	Boolean	1	1	Marketplace Attribute Id 845	\N	\N	\N	t	\N	\N	282	1
583	Attribute Name 848	Boolean	1	1	Marketplace Attribute Id 848	\N	\N	\N	t	\N	\N	283	1
584	Attribute Name 851	Boolean	1	1	Marketplace Attribute Id 851	\N	\N	\N	t	\N	\N	284	1
585	Attribute Name 854	Boolean	1	1	Marketplace Attribute Id 854	\N	\N	\N	t	\N	\N	285	1
586	Attribute Name 857	Boolean	1	1	Marketplace Attribute Id 857	\N	\N	\N	t	\N	\N	286	1
587	Attribute Name 860	Boolean	1	1	Marketplace Attribute Id 860	\N	\N	\N	t	\N	\N	287	1
588	Attribute Name 863	Boolean	1	1	Marketplace Attribute Id 863	\N	\N	\N	t	\N	\N	288	1
589	Attribute Name 866	Boolean	1	1	Marketplace Attribute Id 866	\N	\N	\N	t	\N	\N	289	1
590	Attribute Name 869	Boolean	1	1	Marketplace Attribute Id 869	\N	\N	\N	t	\N	\N	290	1
591	Attribute Name 872	Boolean	1	1	Marketplace Attribute Id 872	\N	\N	\N	t	\N	\N	291	1
592	Attribute Name 875	Boolean	1	1	Marketplace Attribute Id 875	\N	\N	\N	t	\N	\N	292	1
593	Attribute Name 878	Boolean	1	1	Marketplace Attribute Id 878	\N	\N	\N	t	\N	\N	293	1
594	Attribute Name 881	Boolean	1	1	Marketplace Attribute Id 881	\N	\N	\N	t	\N	\N	294	1
595	Attribute Name 884	Boolean	1	1	Marketplace Attribute Id 884	\N	\N	\N	t	\N	\N	295	1
596	Attribute Name 887	Boolean	1	1	Marketplace Attribute Id 887	\N	\N	\N	t	\N	\N	296	1
597	Attribute Name 890	Boolean	1	1	Marketplace Attribute Id 890	\N	\N	\N	t	\N	\N	297	1
598	Attribute Name 893	Boolean	1	1	Marketplace Attribute Id 893	\N	\N	\N	t	\N	\N	298	1
599	Attribute Name 896	Boolean	1	1	Marketplace Attribute Id 896	\N	\N	\N	t	\N	\N	299	1
600	Attribute Name 899	Boolean	1	1	Marketplace Attribute Id 899	\N	\N	\N	t	\N	\N	300	1
601	Attribute Name 3	Boolean	1	1	Marketplace Attribute Id 3	\N	\N	\N	t	\N	\N	301	1
602	Attribute Name 6	Boolean	1	1	Marketplace Attribute Id 6	\N	\N	\N	t	\N	\N	302	1
603	Attribute Name 9	Boolean	1	1	Marketplace Attribute Id 9	\N	\N	\N	t	\N	\N	303	1
604	Attribute Name 12	Boolean	1	1	Marketplace Attribute Id 12	\N	\N	\N	t	\N	\N	304	1
605	Attribute Name 15	Boolean	1	1	Marketplace Attribute Id 15	\N	\N	\N	t	\N	\N	305	1
606	Attribute Name 18	Boolean	1	1	Marketplace Attribute Id 18	\N	\N	\N	t	\N	\N	306	1
607	Attribute Name 21	Boolean	1	1	Marketplace Attribute Id 21	\N	\N	\N	t	\N	\N	307	1
608	Attribute Name 24	Boolean	1	1	Marketplace Attribute Id 24	\N	\N	\N	t	\N	\N	308	1
609	Attribute Name 27	Boolean	1	1	Marketplace Attribute Id 27	\N	\N	\N	t	\N	\N	309	1
610	Attribute Name 30	Boolean	1	1	Marketplace Attribute Id 30	\N	\N	\N	t	\N	\N	310	1
611	Attribute Name 33	Boolean	1	1	Marketplace Attribute Id 33	\N	\N	\N	t	\N	\N	311	1
612	Attribute Name 36	Boolean	1	1	Marketplace Attribute Id 36	\N	\N	\N	t	\N	\N	312	1
613	Attribute Name 39	Boolean	1	1	Marketplace Attribute Id 39	\N	\N	\N	t	\N	\N	313	1
614	Attribute Name 42	Boolean	1	1	Marketplace Attribute Id 42	\N	\N	\N	t	\N	\N	314	1
615	Attribute Name 45	Boolean	1	1	Marketplace Attribute Id 45	\N	\N	\N	t	\N	\N	315	1
616	Attribute Name 48	Boolean	1	1	Marketplace Attribute Id 48	\N	\N	\N	t	\N	\N	316	1
617	Attribute Name 51	Boolean	1	1	Marketplace Attribute Id 51	\N	\N	\N	t	\N	\N	317	1
618	Attribute Name 54	Boolean	1	1	Marketplace Attribute Id 54	\N	\N	\N	t	\N	\N	318	1
619	Attribute Name 57	Boolean	1	1	Marketplace Attribute Id 57	\N	\N	\N	t	\N	\N	319	1
620	Attribute Name 60	Boolean	1	1	Marketplace Attribute Id 60	\N	\N	\N	t	\N	\N	320	1
621	Attribute Name 63	Boolean	1	1	Marketplace Attribute Id 63	\N	\N	\N	t	\N	\N	321	1
622	Attribute Name 66	Boolean	1	1	Marketplace Attribute Id 66	\N	\N	\N	t	\N	\N	322	1
623	Attribute Name 69	Boolean	1	1	Marketplace Attribute Id 69	\N	\N	\N	t	\N	\N	323	1
624	Attribute Name 72	Boolean	1	1	Marketplace Attribute Id 72	\N	\N	\N	t	\N	\N	324	1
625	Attribute Name 75	Boolean	1	1	Marketplace Attribute Id 75	\N	\N	\N	t	\N	\N	325	1
626	Attribute Name 78	Boolean	1	1	Marketplace Attribute Id 78	\N	\N	\N	t	\N	\N	326	1
627	Attribute Name 81	Boolean	1	1	Marketplace Attribute Id 81	\N	\N	\N	t	\N	\N	327	1
628	Attribute Name 84	Boolean	1	1	Marketplace Attribute Id 84	\N	\N	\N	t	\N	\N	328	1
629	Attribute Name 87	Boolean	1	1	Marketplace Attribute Id 87	\N	\N	\N	t	\N	\N	329	1
630	Attribute Name 90	Boolean	1	1	Marketplace Attribute Id 90	\N	\N	\N	t	\N	\N	330	1
631	Attribute Name 93	Boolean	1	1	Marketplace Attribute Id 93	\N	\N	\N	t	\N	\N	331	1
632	Attribute Name 96	Boolean	1	1	Marketplace Attribute Id 96	\N	\N	\N	t	\N	\N	332	1
633	Attribute Name 99	Boolean	1	1	Marketplace Attribute Id 99	\N	\N	\N	t	\N	\N	333	1
634	Attribute Name 102	Boolean	1	1	Marketplace Attribute Id 102	\N	\N	\N	t	\N	\N	334	1
635	Attribute Name 105	Boolean	1	1	Marketplace Attribute Id 105	\N	\N	\N	t	\N	\N	335	1
636	Attribute Name 108	Boolean	1	1	Marketplace Attribute Id 108	\N	\N	\N	t	\N	\N	336	1
637	Attribute Name 111	Boolean	1	1	Marketplace Attribute Id 111	\N	\N	\N	t	\N	\N	337	1
638	Attribute Name 114	Boolean	1	1	Marketplace Attribute Id 114	\N	\N	\N	t	\N	\N	338	1
639	Attribute Name 117	Boolean	1	1	Marketplace Attribute Id 117	\N	\N	\N	t	\N	\N	339	1
640	Attribute Name 120	Boolean	1	1	Marketplace Attribute Id 120	\N	\N	\N	t	\N	\N	340	1
641	Attribute Name 123	Boolean	1	1	Marketplace Attribute Id 123	\N	\N	\N	t	\N	\N	341	1
642	Attribute Name 126	Boolean	1	1	Marketplace Attribute Id 126	\N	\N	\N	t	\N	\N	342	1
643	Attribute Name 129	Boolean	1	1	Marketplace Attribute Id 129	\N	\N	\N	t	\N	\N	343	1
644	Attribute Name 132	Boolean	1	1	Marketplace Attribute Id 132	\N	\N	\N	t	\N	\N	344	1
645	Attribute Name 135	Boolean	1	1	Marketplace Attribute Id 135	\N	\N	\N	t	\N	\N	345	1
646	Attribute Name 138	Boolean	1	1	Marketplace Attribute Id 138	\N	\N	\N	t	\N	\N	346	1
647	Attribute Name 141	Boolean	1	1	Marketplace Attribute Id 141	\N	\N	\N	t	\N	\N	347	1
648	Attribute Name 144	Boolean	1	1	Marketplace Attribute Id 144	\N	\N	\N	t	\N	\N	348	1
649	Attribute Name 147	Boolean	1	1	Marketplace Attribute Id 147	\N	\N	\N	t	\N	\N	349	1
650	Attribute Name 150	Boolean	1	1	Marketplace Attribute Id 150	\N	\N	\N	t	\N	\N	350	1
651	Attribute Name 153	Boolean	1	1	Marketplace Attribute Id 153	\N	\N	\N	t	\N	\N	351	1
652	Attribute Name 156	Boolean	1	1	Marketplace Attribute Id 156	\N	\N	\N	t	\N	\N	352	1
653	Attribute Name 159	Boolean	1	1	Marketplace Attribute Id 159	\N	\N	\N	t	\N	\N	353	1
654	Attribute Name 162	Boolean	1	1	Marketplace Attribute Id 162	\N	\N	\N	t	\N	\N	354	1
655	Attribute Name 165	Boolean	1	1	Marketplace Attribute Id 165	\N	\N	\N	t	\N	\N	355	1
656	Attribute Name 168	Boolean	1	1	Marketplace Attribute Id 168	\N	\N	\N	t	\N	\N	356	1
657	Attribute Name 171	Boolean	1	1	Marketplace Attribute Id 171	\N	\N	\N	t	\N	\N	357	1
658	Attribute Name 174	Boolean	1	1	Marketplace Attribute Id 174	\N	\N	\N	t	\N	\N	358	1
659	Attribute Name 177	Boolean	1	1	Marketplace Attribute Id 177	\N	\N	\N	t	\N	\N	359	1
660	Attribute Name 180	Boolean	1	1	Marketplace Attribute Id 180	\N	\N	\N	t	\N	\N	360	1
661	Attribute Name 183	Boolean	1	1	Marketplace Attribute Id 183	\N	\N	\N	t	\N	\N	361	1
662	Attribute Name 186	Boolean	1	1	Marketplace Attribute Id 186	\N	\N	\N	t	\N	\N	362	1
663	Attribute Name 189	Boolean	1	1	Marketplace Attribute Id 189	\N	\N	\N	t	\N	\N	363	1
664	Attribute Name 192	Boolean	1	1	Marketplace Attribute Id 192	\N	\N	\N	t	\N	\N	364	1
665	Attribute Name 195	Boolean	1	1	Marketplace Attribute Id 195	\N	\N	\N	t	\N	\N	365	1
666	Attribute Name 198	Boolean	1	1	Marketplace Attribute Id 198	\N	\N	\N	t	\N	\N	366	1
667	Attribute Name 201	Boolean	1	1	Marketplace Attribute Id 201	\N	\N	\N	t	\N	\N	367	1
668	Attribute Name 204	Boolean	1	1	Marketplace Attribute Id 204	\N	\N	\N	t	\N	\N	368	1
669	Attribute Name 207	Boolean	1	1	Marketplace Attribute Id 207	\N	\N	\N	t	\N	\N	369	1
670	Attribute Name 210	Boolean	1	1	Marketplace Attribute Id 210	\N	\N	\N	t	\N	\N	370	1
671	Attribute Name 213	Boolean	1	1	Marketplace Attribute Id 213	\N	\N	\N	t	\N	\N	371	1
672	Attribute Name 216	Boolean	1	1	Marketplace Attribute Id 216	\N	\N	\N	t	\N	\N	372	1
673	Attribute Name 219	Boolean	1	1	Marketplace Attribute Id 219	\N	\N	\N	t	\N	\N	373	1
674	Attribute Name 222	Boolean	1	1	Marketplace Attribute Id 222	\N	\N	\N	t	\N	\N	374	1
675	Attribute Name 225	Boolean	1	1	Marketplace Attribute Id 225	\N	\N	\N	t	\N	\N	375	1
676	Attribute Name 228	Boolean	1	1	Marketplace Attribute Id 228	\N	\N	\N	t	\N	\N	376	1
677	Attribute Name 231	Boolean	1	1	Marketplace Attribute Id 231	\N	\N	\N	t	\N	\N	377	1
678	Attribute Name 234	Boolean	1	1	Marketplace Attribute Id 234	\N	\N	\N	t	\N	\N	378	1
679	Attribute Name 237	Boolean	1	1	Marketplace Attribute Id 237	\N	\N	\N	t	\N	\N	379	1
680	Attribute Name 240	Boolean	1	1	Marketplace Attribute Id 240	\N	\N	\N	t	\N	\N	380	1
681	Attribute Name 243	Boolean	1	1	Marketplace Attribute Id 243	\N	\N	\N	t	\N	\N	381	1
682	Attribute Name 246	Boolean	1	1	Marketplace Attribute Id 246	\N	\N	\N	t	\N	\N	382	1
683	Attribute Name 249	Boolean	1	1	Marketplace Attribute Id 249	\N	\N	\N	t	\N	\N	383	1
684	Attribute Name 252	Boolean	1	1	Marketplace Attribute Id 252	\N	\N	\N	t	\N	\N	384	1
685	Attribute Name 255	Boolean	1	1	Marketplace Attribute Id 255	\N	\N	\N	t	\N	\N	385	1
686	Attribute Name 258	Boolean	1	1	Marketplace Attribute Id 258	\N	\N	\N	t	\N	\N	386	1
687	Attribute Name 261	Boolean	1	1	Marketplace Attribute Id 261	\N	\N	\N	t	\N	\N	387	1
688	Attribute Name 264	Boolean	1	1	Marketplace Attribute Id 264	\N	\N	\N	t	\N	\N	388	1
689	Attribute Name 267	Boolean	1	1	Marketplace Attribute Id 267	\N	\N	\N	t	\N	\N	389	1
690	Attribute Name 270	Boolean	1	1	Marketplace Attribute Id 270	\N	\N	\N	t	\N	\N	390	1
691	Attribute Name 273	Boolean	1	1	Marketplace Attribute Id 273	\N	\N	\N	t	\N	\N	391	1
692	Attribute Name 276	Boolean	1	1	Marketplace Attribute Id 276	\N	\N	\N	t	\N	\N	392	1
693	Attribute Name 279	Boolean	1	1	Marketplace Attribute Id 279	\N	\N	\N	t	\N	\N	393	1
694	Attribute Name 282	Boolean	1	1	Marketplace Attribute Id 282	\N	\N	\N	t	\N	\N	394	1
695	Attribute Name 285	Boolean	1	1	Marketplace Attribute Id 285	\N	\N	\N	t	\N	\N	395	1
696	Attribute Name 288	Boolean	1	1	Marketplace Attribute Id 288	\N	\N	\N	t	\N	\N	396	1
697	Attribute Name 291	Boolean	1	1	Marketplace Attribute Id 291	\N	\N	\N	t	\N	\N	397	1
698	Attribute Name 294	Boolean	1	1	Marketplace Attribute Id 294	\N	\N	\N	t	\N	\N	398	1
699	Attribute Name 297	Boolean	1	1	Marketplace Attribute Id 297	\N	\N	\N	t	\N	\N	399	1
700	Attribute Name 300	Boolean	1	1	Marketplace Attribute Id 300	\N	\N	\N	t	\N	\N	400	1
701	Attribute Name 303	Boolean	1	1	Marketplace Attribute Id 303	\N	\N	\N	t	\N	\N	401	1
702	Attribute Name 306	Boolean	1	1	Marketplace Attribute Id 306	\N	\N	\N	t	\N	\N	402	1
703	Attribute Name 309	Boolean	1	1	Marketplace Attribute Id 309	\N	\N	\N	t	\N	\N	403	1
704	Attribute Name 312	Boolean	1	1	Marketplace Attribute Id 312	\N	\N	\N	t	\N	\N	404	1
705	Attribute Name 315	Boolean	1	1	Marketplace Attribute Id 315	\N	\N	\N	t	\N	\N	405	1
706	Attribute Name 318	Boolean	1	1	Marketplace Attribute Id 318	\N	\N	\N	t	\N	\N	406	1
707	Attribute Name 321	Boolean	1	1	Marketplace Attribute Id 321	\N	\N	\N	t	\N	\N	407	1
708	Attribute Name 324	Boolean	1	1	Marketplace Attribute Id 324	\N	\N	\N	t	\N	\N	408	1
709	Attribute Name 327	Boolean	1	1	Marketplace Attribute Id 327	\N	\N	\N	t	\N	\N	409	1
710	Attribute Name 330	Boolean	1	1	Marketplace Attribute Id 330	\N	\N	\N	t	\N	\N	410	1
711	Attribute Name 333	Boolean	1	1	Marketplace Attribute Id 333	\N	\N	\N	t	\N	\N	411	1
712	Attribute Name 336	Boolean	1	1	Marketplace Attribute Id 336	\N	\N	\N	t	\N	\N	412	1
713	Attribute Name 339	Boolean	1	1	Marketplace Attribute Id 339	\N	\N	\N	t	\N	\N	413	1
714	Attribute Name 342	Boolean	1	1	Marketplace Attribute Id 342	\N	\N	\N	t	\N	\N	414	1
715	Attribute Name 345	Boolean	1	1	Marketplace Attribute Id 345	\N	\N	\N	t	\N	\N	415	1
716	Attribute Name 348	Boolean	1	1	Marketplace Attribute Id 348	\N	\N	\N	t	\N	\N	416	1
717	Attribute Name 351	Boolean	1	1	Marketplace Attribute Id 351	\N	\N	\N	t	\N	\N	417	1
718	Attribute Name 354	Boolean	1	1	Marketplace Attribute Id 354	\N	\N	\N	t	\N	\N	418	1
719	Attribute Name 357	Boolean	1	1	Marketplace Attribute Id 357	\N	\N	\N	t	\N	\N	419	1
720	Attribute Name 360	Boolean	1	1	Marketplace Attribute Id 360	\N	\N	\N	t	\N	\N	420	1
721	Attribute Name 363	Boolean	1	1	Marketplace Attribute Id 363	\N	\N	\N	t	\N	\N	421	1
722	Attribute Name 366	Boolean	1	1	Marketplace Attribute Id 366	\N	\N	\N	t	\N	\N	422	1
723	Attribute Name 369	Boolean	1	1	Marketplace Attribute Id 369	\N	\N	\N	t	\N	\N	423	1
724	Attribute Name 372	Boolean	1	1	Marketplace Attribute Id 372	\N	\N	\N	t	\N	\N	424	1
725	Attribute Name 375	Boolean	1	1	Marketplace Attribute Id 375	\N	\N	\N	t	\N	\N	425	1
726	Attribute Name 378	Boolean	1	1	Marketplace Attribute Id 378	\N	\N	\N	t	\N	\N	426	1
727	Attribute Name 381	Boolean	1	1	Marketplace Attribute Id 381	\N	\N	\N	t	\N	\N	427	1
728	Attribute Name 384	Boolean	1	1	Marketplace Attribute Id 384	\N	\N	\N	t	\N	\N	428	1
729	Attribute Name 387	Boolean	1	1	Marketplace Attribute Id 387	\N	\N	\N	t	\N	\N	429	1
730	Attribute Name 390	Boolean	1	1	Marketplace Attribute Id 390	\N	\N	\N	t	\N	\N	430	1
731	Attribute Name 393	Boolean	1	1	Marketplace Attribute Id 393	\N	\N	\N	t	\N	\N	431	1
732	Attribute Name 396	Boolean	1	1	Marketplace Attribute Id 396	\N	\N	\N	t	\N	\N	432	1
733	Attribute Name 399	Boolean	1	1	Marketplace Attribute Id 399	\N	\N	\N	t	\N	\N	433	1
734	Attribute Name 402	Boolean	1	1	Marketplace Attribute Id 402	\N	\N	\N	t	\N	\N	434	1
735	Attribute Name 405	Boolean	1	1	Marketplace Attribute Id 405	\N	\N	\N	t	\N	\N	435	1
736	Attribute Name 408	Boolean	1	1	Marketplace Attribute Id 408	\N	\N	\N	t	\N	\N	436	1
737	Attribute Name 411	Boolean	1	1	Marketplace Attribute Id 411	\N	\N	\N	t	\N	\N	437	1
738	Attribute Name 414	Boolean	1	1	Marketplace Attribute Id 414	\N	\N	\N	t	\N	\N	438	1
739	Attribute Name 417	Boolean	1	1	Marketplace Attribute Id 417	\N	\N	\N	t	\N	\N	439	1
740	Attribute Name 420	Boolean	1	1	Marketplace Attribute Id 420	\N	\N	\N	t	\N	\N	440	1
741	Attribute Name 423	Boolean	1	1	Marketplace Attribute Id 423	\N	\N	\N	t	\N	\N	441	1
742	Attribute Name 426	Boolean	1	1	Marketplace Attribute Id 426	\N	\N	\N	t	\N	\N	442	1
743	Attribute Name 429	Boolean	1	1	Marketplace Attribute Id 429	\N	\N	\N	t	\N	\N	443	1
744	Attribute Name 432	Boolean	1	1	Marketplace Attribute Id 432	\N	\N	\N	t	\N	\N	444	1
745	Attribute Name 435	Boolean	1	1	Marketplace Attribute Id 435	\N	\N	\N	t	\N	\N	445	1
746	Attribute Name 438	Boolean	1	1	Marketplace Attribute Id 438	\N	\N	\N	t	\N	\N	446	1
747	Attribute Name 441	Boolean	1	1	Marketplace Attribute Id 441	\N	\N	\N	t	\N	\N	447	1
748	Attribute Name 444	Boolean	1	1	Marketplace Attribute Id 444	\N	\N	\N	t	\N	\N	448	1
749	Attribute Name 447	Boolean	1	1	Marketplace Attribute Id 447	\N	\N	\N	t	\N	\N	449	1
750	Attribute Name 450	Boolean	1	1	Marketplace Attribute Id 450	\N	\N	\N	t	\N	\N	450	1
751	Attribute Name 453	Boolean	1	1	Marketplace Attribute Id 453	\N	\N	\N	t	\N	\N	451	1
752	Attribute Name 456	Boolean	1	1	Marketplace Attribute Id 456	\N	\N	\N	t	\N	\N	452	1
753	Attribute Name 459	Boolean	1	1	Marketplace Attribute Id 459	\N	\N	\N	t	\N	\N	453	1
754	Attribute Name 462	Boolean	1	1	Marketplace Attribute Id 462	\N	\N	\N	t	\N	\N	454	1
755	Attribute Name 465	Boolean	1	1	Marketplace Attribute Id 465	\N	\N	\N	t	\N	\N	455	1
756	Attribute Name 468	Boolean	1	1	Marketplace Attribute Id 468	\N	\N	\N	t	\N	\N	456	1
757	Attribute Name 471	Boolean	1	1	Marketplace Attribute Id 471	\N	\N	\N	t	\N	\N	457	1
758	Attribute Name 474	Boolean	1	1	Marketplace Attribute Id 474	\N	\N	\N	t	\N	\N	458	1
759	Attribute Name 477	Boolean	1	1	Marketplace Attribute Id 477	\N	\N	\N	t	\N	\N	459	1
760	Attribute Name 480	Boolean	1	1	Marketplace Attribute Id 480	\N	\N	\N	t	\N	\N	460	1
761	Attribute Name 483	Boolean	1	1	Marketplace Attribute Id 483	\N	\N	\N	t	\N	\N	461	1
762	Attribute Name 486	Boolean	1	1	Marketplace Attribute Id 486	\N	\N	\N	t	\N	\N	462	1
763	Attribute Name 489	Boolean	1	1	Marketplace Attribute Id 489	\N	\N	\N	t	\N	\N	463	1
764	Attribute Name 492	Boolean	1	1	Marketplace Attribute Id 492	\N	\N	\N	t	\N	\N	464	1
765	Attribute Name 495	Boolean	1	1	Marketplace Attribute Id 495	\N	\N	\N	t	\N	\N	465	1
766	Attribute Name 498	Boolean	1	1	Marketplace Attribute Id 498	\N	\N	\N	t	\N	\N	466	1
767	Attribute Name 501	Boolean	1	1	Marketplace Attribute Id 501	\N	\N	\N	t	\N	\N	467	1
768	Attribute Name 504	Boolean	1	1	Marketplace Attribute Id 504	\N	\N	\N	t	\N	\N	468	1
769	Attribute Name 507	Boolean	1	1	Marketplace Attribute Id 507	\N	\N	\N	t	\N	\N	469	1
770	Attribute Name 510	Boolean	1	1	Marketplace Attribute Id 510	\N	\N	\N	t	\N	\N	470	1
771	Attribute Name 513	Boolean	1	1	Marketplace Attribute Id 513	\N	\N	\N	t	\N	\N	471	1
772	Attribute Name 516	Boolean	1	1	Marketplace Attribute Id 516	\N	\N	\N	t	\N	\N	472	1
773	Attribute Name 519	Boolean	1	1	Marketplace Attribute Id 519	\N	\N	\N	t	\N	\N	473	1
774	Attribute Name 522	Boolean	1	1	Marketplace Attribute Id 522	\N	\N	\N	t	\N	\N	474	1
775	Attribute Name 525	Boolean	1	1	Marketplace Attribute Id 525	\N	\N	\N	t	\N	\N	475	1
776	Attribute Name 528	Boolean	1	1	Marketplace Attribute Id 528	\N	\N	\N	t	\N	\N	476	1
777	Attribute Name 531	Boolean	1	1	Marketplace Attribute Id 531	\N	\N	\N	t	\N	\N	477	1
778	Attribute Name 534	Boolean	1	1	Marketplace Attribute Id 534	\N	\N	\N	t	\N	\N	478	1
779	Attribute Name 537	Boolean	1	1	Marketplace Attribute Id 537	\N	\N	\N	t	\N	\N	479	1
780	Attribute Name 540	Boolean	1	1	Marketplace Attribute Id 540	\N	\N	\N	t	\N	\N	480	1
781	Attribute Name 543	Boolean	1	1	Marketplace Attribute Id 543	\N	\N	\N	t	\N	\N	481	1
782	Attribute Name 546	Boolean	1	1	Marketplace Attribute Id 546	\N	\N	\N	t	\N	\N	482	1
783	Attribute Name 549	Boolean	1	1	Marketplace Attribute Id 549	\N	\N	\N	t	\N	\N	483	1
784	Attribute Name 552	Boolean	1	1	Marketplace Attribute Id 552	\N	\N	\N	t	\N	\N	484	1
785	Attribute Name 555	Boolean	1	1	Marketplace Attribute Id 555	\N	\N	\N	t	\N	\N	485	1
786	Attribute Name 558	Boolean	1	1	Marketplace Attribute Id 558	\N	\N	\N	t	\N	\N	486	1
787	Attribute Name 561	Boolean	1	1	Marketplace Attribute Id 561	\N	\N	\N	t	\N	\N	487	1
788	Attribute Name 564	Boolean	1	1	Marketplace Attribute Id 564	\N	\N	\N	t	\N	\N	488	1
789	Attribute Name 567	Boolean	1	1	Marketplace Attribute Id 567	\N	\N	\N	t	\N	\N	489	1
790	Attribute Name 570	Boolean	1	1	Marketplace Attribute Id 570	\N	\N	\N	t	\N	\N	490	1
791	Attribute Name 573	Boolean	1	1	Marketplace Attribute Id 573	\N	\N	\N	t	\N	\N	491	1
792	Attribute Name 576	Boolean	1	1	Marketplace Attribute Id 576	\N	\N	\N	t	\N	\N	492	1
793	Attribute Name 579	Boolean	1	1	Marketplace Attribute Id 579	\N	\N	\N	t	\N	\N	493	1
794	Attribute Name 582	Boolean	1	1	Marketplace Attribute Id 582	\N	\N	\N	t	\N	\N	494	1
795	Attribute Name 585	Boolean	1	1	Marketplace Attribute Id 585	\N	\N	\N	t	\N	\N	495	1
796	Attribute Name 588	Boolean	1	1	Marketplace Attribute Id 588	\N	\N	\N	t	\N	\N	496	1
797	Attribute Name 591	Boolean	1	1	Marketplace Attribute Id 591	\N	\N	\N	t	\N	\N	497	1
798	Attribute Name 594	Boolean	1	1	Marketplace Attribute Id 594	\N	\N	\N	t	\N	\N	498	1
799	Attribute Name 597	Boolean	1	1	Marketplace Attribute Id 597	\N	\N	\N	t	\N	\N	499	1
800	Attribute Name 600	Boolean	1	1	Marketplace Attribute Id 600	\N	\N	\N	t	\N	\N	500	1
801	Attribute Name 603	Boolean	1	1	Marketplace Attribute Id 603	\N	\N	\N	t	\N	\N	501	1
802	Attribute Name 606	Boolean	1	1	Marketplace Attribute Id 606	\N	\N	\N	t	\N	\N	502	1
803	Attribute Name 609	Boolean	1	1	Marketplace Attribute Id 609	\N	\N	\N	t	\N	\N	503	1
804	Attribute Name 612	Boolean	1	1	Marketplace Attribute Id 612	\N	\N	\N	t	\N	\N	504	1
805	Attribute Name 615	Boolean	1	1	Marketplace Attribute Id 615	\N	\N	\N	t	\N	\N	505	1
806	Attribute Name 618	Boolean	1	1	Marketplace Attribute Id 618	\N	\N	\N	t	\N	\N	506	1
807	Attribute Name 621	Boolean	1	1	Marketplace Attribute Id 621	\N	\N	\N	t	\N	\N	507	1
808	Attribute Name 624	Boolean	1	1	Marketplace Attribute Id 624	\N	\N	\N	t	\N	\N	508	1
809	Attribute Name 627	Boolean	1	1	Marketplace Attribute Id 627	\N	\N	\N	t	\N	\N	509	1
810	Attribute Name 630	Boolean	1	1	Marketplace Attribute Id 630	\N	\N	\N	t	\N	\N	510	1
811	Attribute Name 633	Boolean	1	1	Marketplace Attribute Id 633	\N	\N	\N	t	\N	\N	511	1
812	Attribute Name 636	Boolean	1	1	Marketplace Attribute Id 636	\N	\N	\N	t	\N	\N	512	1
813	Attribute Name 639	Boolean	1	1	Marketplace Attribute Id 639	\N	\N	\N	t	\N	\N	513	1
814	Attribute Name 642	Boolean	1	1	Marketplace Attribute Id 642	\N	\N	\N	t	\N	\N	514	1
815	Attribute Name 645	Boolean	1	1	Marketplace Attribute Id 645	\N	\N	\N	t	\N	\N	515	1
816	Attribute Name 648	Boolean	1	1	Marketplace Attribute Id 648	\N	\N	\N	t	\N	\N	516	1
817	Attribute Name 651	Boolean	1	1	Marketplace Attribute Id 651	\N	\N	\N	t	\N	\N	517	1
818	Attribute Name 654	Boolean	1	1	Marketplace Attribute Id 654	\N	\N	\N	t	\N	\N	518	1
819	Attribute Name 657	Boolean	1	1	Marketplace Attribute Id 657	\N	\N	\N	t	\N	\N	519	1
820	Attribute Name 660	Boolean	1	1	Marketplace Attribute Id 660	\N	\N	\N	t	\N	\N	520	1
821	Attribute Name 663	Boolean	1	1	Marketplace Attribute Id 663	\N	\N	\N	t	\N	\N	521	1
822	Attribute Name 666	Boolean	1	1	Marketplace Attribute Id 666	\N	\N	\N	t	\N	\N	522	1
823	Attribute Name 669	Boolean	1	1	Marketplace Attribute Id 669	\N	\N	\N	t	\N	\N	523	1
824	Attribute Name 672	Boolean	1	1	Marketplace Attribute Id 672	\N	\N	\N	t	\N	\N	524	1
825	Attribute Name 675	Boolean	1	1	Marketplace Attribute Id 675	\N	\N	\N	t	\N	\N	525	1
826	Attribute Name 678	Boolean	1	1	Marketplace Attribute Id 678	\N	\N	\N	t	\N	\N	526	1
827	Attribute Name 681	Boolean	1	1	Marketplace Attribute Id 681	\N	\N	\N	t	\N	\N	527	1
828	Attribute Name 684	Boolean	1	1	Marketplace Attribute Id 684	\N	\N	\N	t	\N	\N	528	1
829	Attribute Name 687	Boolean	1	1	Marketplace Attribute Id 687	\N	\N	\N	t	\N	\N	529	1
830	Attribute Name 690	Boolean	1	1	Marketplace Attribute Id 690	\N	\N	\N	t	\N	\N	530	1
831	Attribute Name 693	Boolean	1	1	Marketplace Attribute Id 693	\N	\N	\N	t	\N	\N	531	1
832	Attribute Name 696	Boolean	1	1	Marketplace Attribute Id 696	\N	\N	\N	t	\N	\N	532	1
833	Attribute Name 699	Boolean	1	1	Marketplace Attribute Id 699	\N	\N	\N	t	\N	\N	533	1
834	Attribute Name 702	Boolean	1	1	Marketplace Attribute Id 702	\N	\N	\N	t	\N	\N	534	1
835	Attribute Name 705	Boolean	1	1	Marketplace Attribute Id 705	\N	\N	\N	t	\N	\N	535	1
836	Attribute Name 708	Boolean	1	1	Marketplace Attribute Id 708	\N	\N	\N	t	\N	\N	536	1
837	Attribute Name 711	Boolean	1	1	Marketplace Attribute Id 711	\N	\N	\N	t	\N	\N	537	1
838	Attribute Name 714	Boolean	1	1	Marketplace Attribute Id 714	\N	\N	\N	t	\N	\N	538	1
839	Attribute Name 717	Boolean	1	1	Marketplace Attribute Id 717	\N	\N	\N	t	\N	\N	539	1
840	Attribute Name 720	Boolean	1	1	Marketplace Attribute Id 720	\N	\N	\N	t	\N	\N	540	1
841	Attribute Name 723	Boolean	1	1	Marketplace Attribute Id 723	\N	\N	\N	t	\N	\N	541	1
842	Attribute Name 726	Boolean	1	1	Marketplace Attribute Id 726	\N	\N	\N	t	\N	\N	542	1
843	Attribute Name 729	Boolean	1	1	Marketplace Attribute Id 729	\N	\N	\N	t	\N	\N	543	1
844	Attribute Name 732	Boolean	1	1	Marketplace Attribute Id 732	\N	\N	\N	t	\N	\N	544	1
845	Attribute Name 735	Boolean	1	1	Marketplace Attribute Id 735	\N	\N	\N	t	\N	\N	545	1
846	Attribute Name 738	Boolean	1	1	Marketplace Attribute Id 738	\N	\N	\N	t	\N	\N	546	1
847	Attribute Name 741	Boolean	1	1	Marketplace Attribute Id 741	\N	\N	\N	t	\N	\N	547	1
848	Attribute Name 744	Boolean	1	1	Marketplace Attribute Id 744	\N	\N	\N	t	\N	\N	548	1
849	Attribute Name 747	Boolean	1	1	Marketplace Attribute Id 747	\N	\N	\N	t	\N	\N	549	1
850	Attribute Name 750	Boolean	1	1	Marketplace Attribute Id 750	\N	\N	\N	t	\N	\N	550	1
851	Attribute Name 753	Boolean	1	1	Marketplace Attribute Id 753	\N	\N	\N	t	\N	\N	551	1
852	Attribute Name 756	Boolean	1	1	Marketplace Attribute Id 756	\N	\N	\N	t	\N	\N	552	1
853	Attribute Name 759	Boolean	1	1	Marketplace Attribute Id 759	\N	\N	\N	t	\N	\N	553	1
854	Attribute Name 762	Boolean	1	1	Marketplace Attribute Id 762	\N	\N	\N	t	\N	\N	554	1
855	Attribute Name 765	Boolean	1	1	Marketplace Attribute Id 765	\N	\N	\N	t	\N	\N	555	1
856	Attribute Name 768	Boolean	1	1	Marketplace Attribute Id 768	\N	\N	\N	t	\N	\N	556	1
857	Attribute Name 771	Boolean	1	1	Marketplace Attribute Id 771	\N	\N	\N	t	\N	\N	557	1
858	Attribute Name 774	Boolean	1	1	Marketplace Attribute Id 774	\N	\N	\N	t	\N	\N	558	1
859	Attribute Name 777	Boolean	1	1	Marketplace Attribute Id 777	\N	\N	\N	t	\N	\N	559	1
860	Attribute Name 780	Boolean	1	1	Marketplace Attribute Id 780	\N	\N	\N	t	\N	\N	560	1
861	Attribute Name 783	Boolean	1	1	Marketplace Attribute Id 783	\N	\N	\N	t	\N	\N	561	1
862	Attribute Name 786	Boolean	1	1	Marketplace Attribute Id 786	\N	\N	\N	t	\N	\N	562	1
863	Attribute Name 789	Boolean	1	1	Marketplace Attribute Id 789	\N	\N	\N	t	\N	\N	563	1
864	Attribute Name 792	Boolean	1	1	Marketplace Attribute Id 792	\N	\N	\N	t	\N	\N	564	1
865	Attribute Name 795	Boolean	1	1	Marketplace Attribute Id 795	\N	\N	\N	t	\N	\N	565	1
866	Attribute Name 798	Boolean	1	1	Marketplace Attribute Id 798	\N	\N	\N	t	\N	\N	566	1
867	Attribute Name 801	Boolean	1	1	Marketplace Attribute Id 801	\N	\N	\N	t	\N	\N	567	1
868	Attribute Name 804	Boolean	1	1	Marketplace Attribute Id 804	\N	\N	\N	t	\N	\N	568	1
869	Attribute Name 807	Boolean	1	1	Marketplace Attribute Id 807	\N	\N	\N	t	\N	\N	569	1
870	Attribute Name 810	Boolean	1	1	Marketplace Attribute Id 810	\N	\N	\N	t	\N	\N	570	1
871	Attribute Name 813	Boolean	1	1	Marketplace Attribute Id 813	\N	\N	\N	t	\N	\N	571	1
872	Attribute Name 816	Boolean	1	1	Marketplace Attribute Id 816	\N	\N	\N	t	\N	\N	572	1
873	Attribute Name 819	Boolean	1	1	Marketplace Attribute Id 819	\N	\N	\N	t	\N	\N	573	1
874	Attribute Name 822	Boolean	1	1	Marketplace Attribute Id 822	\N	\N	\N	t	\N	\N	574	1
875	Attribute Name 825	Boolean	1	1	Marketplace Attribute Id 825	\N	\N	\N	t	\N	\N	575	1
876	Attribute Name 828	Boolean	1	1	Marketplace Attribute Id 828	\N	\N	\N	t	\N	\N	576	1
877	Attribute Name 831	Boolean	1	1	Marketplace Attribute Id 831	\N	\N	\N	t	\N	\N	577	1
878	Attribute Name 834	Boolean	1	1	Marketplace Attribute Id 834	\N	\N	\N	t	\N	\N	578	1
879	Attribute Name 837	Boolean	1	1	Marketplace Attribute Id 837	\N	\N	\N	t	\N	\N	579	1
880	Attribute Name 840	Boolean	1	1	Marketplace Attribute Id 840	\N	\N	\N	t	\N	\N	580	1
881	Attribute Name 843	Boolean	1	1	Marketplace Attribute Id 843	\N	\N	\N	t	\N	\N	581	1
882	Attribute Name 846	Boolean	1	1	Marketplace Attribute Id 846	\N	\N	\N	t	\N	\N	582	1
883	Attribute Name 849	Boolean	1	1	Marketplace Attribute Id 849	\N	\N	\N	t	\N	\N	583	1
884	Attribute Name 852	Boolean	1	1	Marketplace Attribute Id 852	\N	\N	\N	t	\N	\N	584	1
885	Attribute Name 855	Boolean	1	1	Marketplace Attribute Id 855	\N	\N	\N	t	\N	\N	585	1
886	Attribute Name 858	Boolean	1	1	Marketplace Attribute Id 858	\N	\N	\N	t	\N	\N	586	1
887	Attribute Name 861	Boolean	1	1	Marketplace Attribute Id 861	\N	\N	\N	t	\N	\N	587	1
888	Attribute Name 864	Boolean	1	1	Marketplace Attribute Id 864	\N	\N	\N	t	\N	\N	588	1
889	Attribute Name 867	Boolean	1	1	Marketplace Attribute Id 867	\N	\N	\N	t	\N	\N	589	1
890	Attribute Name 870	Boolean	1	1	Marketplace Attribute Id 870	\N	\N	\N	t	\N	\N	590	1
891	Attribute Name 873	Boolean	1	1	Marketplace Attribute Id 873	\N	\N	\N	t	\N	\N	591	1
892	Attribute Name 876	Boolean	1	1	Marketplace Attribute Id 876	\N	\N	\N	t	\N	\N	592	1
893	Attribute Name 879	Boolean	1	1	Marketplace Attribute Id 879	\N	\N	\N	t	\N	\N	593	1
894	Attribute Name 882	Boolean	1	1	Marketplace Attribute Id 882	\N	\N	\N	t	\N	\N	594	1
895	Attribute Name 885	Boolean	1	1	Marketplace Attribute Id 885	\N	\N	\N	t	\N	\N	595	1
896	Attribute Name 888	Boolean	1	1	Marketplace Attribute Id 888	\N	\N	\N	t	\N	\N	596	1
897	Attribute Name 891	Boolean	1	1	Marketplace Attribute Id 891	\N	\N	\N	t	\N	\N	597	1
898	Attribute Name 894	Boolean	1	1	Marketplace Attribute Id 894	\N	\N	\N	t	\N	\N	598	1
899	Attribute Name 897	Boolean	1	1	Marketplace Attribute Id 897	\N	\N	\N	t	\N	\N	599	1
900	Attribute Name 900	Boolean	1	1	Marketplace Attribute Id 900	\N	\N	\N	t	\N	\N	600	1
\.


--
-- Data for Name: attributes_categories; Type: TABLE DATA; Schema: public; Owner: postgres-user
--

COPY public.attributes_categories (attributes_id, categories_id) FROM stdin;
1	1
4	2
7	3
10	4
13	5
16	6
19	7
22	8
25	9
28	10
31	11
34	12
37	13
40	14
43	15
46	16
49	17
52	18
55	19
58	20
61	21
64	22
67	23
70	24
73	25
76	26
79	27
82	28
85	29
88	30
91	31
94	32
97	33
100	34
103	35
106	36
109	37
112	38
115	39
118	40
121	41
124	42
127	43
130	44
133	45
136	46
139	47
142	48
145	49
148	50
151	51
154	52
157	53
160	54
163	55
166	56
169	57
172	58
175	59
178	60
181	61
184	62
187	63
190	64
193	65
196	66
199	67
202	68
205	69
208	70
211	71
214	72
217	73
220	74
223	75
226	76
229	77
232	78
235	79
238	80
241	81
244	82
247	83
250	84
253	85
256	86
259	87
262	88
265	89
268	90
271	91
274	92
277	93
280	94
283	95
286	96
289	97
292	98
295	99
298	100
301	1
2	167
302	167
304	2
5	101
305	101
307	3
8	102
308	102
310	4
11	168
311	168
313	5
14	103
314	103
316	6
17	104
317	104
319	7
20	169
320	169
322	8
23	105
323	105
325	9
26	106
326	106
328	10
29	170
329	170
331	11
32	107
332	107
334	12
35	108
335	108
337	13
38	171
338	171
340	14
41	109
341	109
343	15
44	110
344	110
346	16
47	172
347	172
349	17
50	111
350	111
352	18
53	112
353	112
355	19
56	173
356	173
358	20
59	113
359	113
361	21
62	114
362	114
364	22
65	174
365	174
367	23
68	115
368	115
370	24
71	116
371	116
373	25
74	175
374	175
376	26
77	117
377	117
379	27
80	118
380	118
382	28
83	176
383	176
385	29
86	119
386	119
388	30
89	120
389	120
391	31
92	177
392	177
394	32
95	121
395	121
397	33
98	122
398	122
400	34
101	178
401	178
403	35
104	123
404	123
406	36
107	124
407	124
409	37
110	179
410	179
412	38
113	125
413	125
415	39
116	126
416	126
418	40
119	180
419	180
421	41
122	127
422	127
424	42
125	128
425	128
427	43
128	181
428	181
430	44
131	129
431	129
433	45
134	130
434	130
436	46
137	182
437	182
439	47
140	131
440	131
442	48
143	132
443	132
445	49
146	183
446	183
448	50
149	133
449	133
451	51
152	134
452	134
454	52
155	184
455	184
457	53
158	135
458	135
460	54
161	136
461	136
463	55
164	185
464	185
466	56
167	137
467	137
469	57
170	138
470	138
472	58
173	186
473	186
475	59
176	139
476	139
478	60
179	140
479	140
481	61
182	187
482	187
484	62
185	141
485	141
487	63
188	142
488	142
490	64
191	188
491	188
493	65
194	143
494	143
496	66
197	144
497	144
499	67
200	189
500	189
502	68
203	145
503	145
505	69
206	146
506	146
508	70
209	190
509	190
511	71
212	147
512	147
514	72
215	148
515	148
517	73
218	191
518	191
520	74
221	149
521	149
523	75
224	150
524	150
526	76
227	192
527	192
529	77
230	151
530	151
532	78
233	152
533	152
535	79
236	193
536	193
538	80
239	153
539	153
541	81
242	154
542	154
544	82
245	194
545	194
547	83
248	155
548	155
550	84
251	156
551	156
553	85
254	195
554	195
556	86
257	157
557	157
559	87
260	158
560	158
562	88
263	196
563	196
565	89
266	159
566	159
568	90
269	160
569	160
571	91
272	197
572	197
574	92
275	161
575	161
577	93
278	162
578	162
580	94
281	198
581	198
583	95
284	163
584	163
586	96
287	164
587	164
589	97
290	199
590	199
592	98
293	165
593	165
595	99
296	166
596	166
598	100
299	200
599	200
601	1
602	167
3	234
303	234
603	234
604	2
605	101
6	235
306	235
606	235
607	3
608	102
9	201
309	201
609	201
610	4
611	168
12	236
312	236
612	236
613	5
614	103
15	237
315	237
615	237
616	6
617	104
18	202
318	202
618	202
619	7
620	169
21	238
321	238
621	238
622	8
623	105
24	239
324	239
624	239
625	9
626	106
27	203
327	203
627	203
628	10
629	170
30	240
330	240
630	240
631	11
632	107
33	241
333	241
633	241
634	12
635	108
36	204
336	204
636	204
637	13
638	171
39	242
339	242
639	242
640	14
641	109
42	243
342	243
642	243
643	15
644	110
45	205
345	205
645	205
646	16
647	172
48	244
348	244
648	244
649	17
650	111
51	245
351	245
651	245
652	18
653	112
54	206
354	206
654	206
655	19
656	173
57	246
357	246
657	246
658	20
659	113
60	247
360	247
660	247
661	21
662	114
63	207
363	207
663	207
664	22
665	174
66	248
366	248
666	248
667	23
668	115
69	249
369	249
669	249
670	24
671	116
72	208
372	208
672	208
673	25
674	175
75	250
375	250
675	250
676	26
677	117
78	251
378	251
678	251
679	27
680	118
81	209
381	209
681	209
682	28
683	176
84	252
384	252
684	252
685	29
686	119
87	253
387	253
687	253
688	30
689	120
90	210
390	210
690	210
691	31
692	177
93	254
393	254
693	254
694	32
695	121
96	255
396	255
696	255
697	33
698	122
99	211
399	211
699	211
700	34
701	178
102	256
402	256
702	256
703	35
704	123
105	257
405	257
705	257
706	36
707	124
108	212
408	212
708	212
709	37
710	179
111	258
411	258
711	258
712	38
713	125
114	259
414	259
714	259
715	39
716	126
117	213
417	213
717	213
718	40
719	180
120	260
420	260
720	260
721	41
722	127
123	261
423	261
723	261
724	42
725	128
126	214
426	214
726	214
727	43
728	181
129	262
429	262
729	262
730	44
731	129
132	263
432	263
732	263
733	45
734	130
135	215
435	215
735	215
736	46
737	182
138	264
438	264
738	264
739	47
740	131
141	265
441	265
741	265
742	48
743	132
144	216
444	216
744	216
745	49
746	183
147	266
447	266
747	266
748	50
749	133
150	267
450	267
750	267
751	51
752	134
153	217
453	217
753	217
754	52
755	184
156	268
456	268
756	268
757	53
758	135
159	269
459	269
759	269
760	54
761	136
162	218
462	218
762	218
763	55
764	185
165	270
465	270
765	270
766	56
767	137
168	271
468	271
768	271
769	57
770	138
171	219
471	219
771	219
772	58
773	186
174	272
474	272
774	272
775	59
776	139
177	273
477	273
777	273
778	60
779	140
180	220
480	220
780	220
781	61
782	187
183	274
483	274
783	274
784	62
785	141
186	275
486	275
786	275
787	63
788	142
189	221
489	221
789	221
790	64
791	188
192	276
492	276
792	276
793	65
794	143
195	277
495	277
795	277
796	66
797	144
198	222
498	222
798	222
799	67
800	189
201	278
501	278
801	278
802	68
803	145
204	279
504	279
804	279
805	69
806	146
207	223
507	223
807	223
808	70
809	190
210	280
510	280
810	280
811	71
812	147
213	281
513	281
813	281
814	72
815	148
216	224
516	224
816	224
817	73
818	191
219	282
519	282
819	282
820	74
821	149
222	283
522	283
822	283
823	75
824	150
225	225
525	225
825	225
826	76
827	192
228	284
528	284
828	284
829	77
830	151
231	285
531	285
831	285
832	78
833	152
234	226
534	226
834	226
835	79
836	193
237	286
537	286
837	286
838	80
839	153
240	287
540	287
840	287
841	81
842	154
243	227
543	227
843	227
844	82
845	194
246	288
546	288
846	288
847	83
848	155
249	289
549	289
849	289
850	84
851	156
252	228
552	228
852	228
853	85
854	195
255	290
555	290
855	290
856	86
857	157
258	291
558	291
858	291
859	87
860	158
261	229
561	229
861	229
862	88
863	196
264	292
564	292
864	292
865	89
866	159
267	293
567	293
867	293
868	90
869	160
270	230
570	230
870	230
871	91
872	197
273	294
573	294
873	294
874	92
875	161
276	295
576	295
876	295
877	93
878	162
279	231
579	231
879	231
880	94
881	198
282	296
582	296
882	296
883	95
884	163
285	297
585	297
885	297
886	96
887	164
288	232
588	232
888	232
889	97
890	199
291	298
591	298
891	298
892	98
893	165
294	299
594	299
894	299
895	99
896	166
297	233
597	233
897	233
898	100
899	200
300	300
600	300
900	300
\.


--
-- Data for Name: categories; Type: TABLE DATA; Schema: public; Owner: postgres-user
--

COPY public.categories (id, category_number, name, path, is_leaf, root_category_id, parent_id) FROM stdin;
1	1	Category Name 1	Category Path 1	f	1	\N
2	4	Category Name 4	Category Path 4	f	1	\N
3	7	Category Name 7	Category Path 7	f	1	\N
4	10	Category Name 10	Category Path 10	f	1	\N
5	13	Category Name 13	Category Path 13	f	1	\N
6	16	Category Name 16	Category Path 16	f	1	\N
7	19	Category Name 19	Category Path 19	f	1	\N
8	22	Category Name 22	Category Path 22	f	1	\N
9	25	Category Name 25	Category Path 25	f	1	\N
10	28	Category Name 28	Category Path 28	f	1	\N
11	31	Category Name 31	Category Path 31	f	1	\N
12	34	Category Name 34	Category Path 34	f	1	\N
13	37	Category Name 37	Category Path 37	f	1	\N
14	40	Category Name 40	Category Path 40	f	1	\N
15	43	Category Name 43	Category Path 43	f	1	\N
16	46	Category Name 46	Category Path 46	f	1	\N
17	49	Category Name 49	Category Path 49	f	1	\N
18	52	Category Name 52	Category Path 52	f	1	\N
19	55	Category Name 55	Category Path 55	f	1	\N
20	58	Category Name 58	Category Path 58	f	1	\N
21	61	Category Name 61	Category Path 61	f	1	\N
22	64	Category Name 64	Category Path 64	f	1	\N
23	67	Category Name 67	Category Path 67	f	1	\N
24	70	Category Name 70	Category Path 70	f	1	\N
25	73	Category Name 73	Category Path 73	f	1	\N
26	76	Category Name 76	Category Path 76	f	1	\N
27	79	Category Name 79	Category Path 79	f	1	\N
28	82	Category Name 82	Category Path 82	f	1	\N
29	85	Category Name 85	Category Path 85	f	1	\N
30	88	Category Name 88	Category Path 88	f	1	\N
31	91	Category Name 91	Category Path 91	f	1	\N
32	94	Category Name 94	Category Path 94	f	1	\N
33	97	Category Name 97	Category Path 97	f	1	\N
34	100	Category Name 100	Category Path 100	f	1	\N
35	103	Category Name 103	Category Path 103	f	1	\N
36	106	Category Name 106	Category Path 106	f	1	\N
37	109	Category Name 109	Category Path 109	f	1	\N
38	112	Category Name 112	Category Path 112	f	1	\N
39	115	Category Name 115	Category Path 115	f	1	\N
40	118	Category Name 118	Category Path 118	f	1	\N
41	121	Category Name 121	Category Path 121	f	1	\N
42	124	Category Name 124	Category Path 124	f	1	\N
43	127	Category Name 127	Category Path 127	f	1	\N
44	130	Category Name 130	Category Path 130	f	1	\N
45	133	Category Name 133	Category Path 133	f	1	\N
46	136	Category Name 136	Category Path 136	f	1	\N
47	139	Category Name 139	Category Path 139	f	1	\N
48	142	Category Name 142	Category Path 142	f	1	\N
49	145	Category Name 145	Category Path 145	f	1	\N
50	148	Category Name 148	Category Path 148	f	1	\N
51	151	Category Name 151	Category Path 151	f	1	\N
52	154	Category Name 154	Category Path 154	f	1	\N
53	157	Category Name 157	Category Path 157	f	1	\N
54	160	Category Name 160	Category Path 160	f	1	\N
55	163	Category Name 163	Category Path 163	f	1	\N
56	166	Category Name 166	Category Path 166	f	1	\N
57	169	Category Name 169	Category Path 169	f	1	\N
58	172	Category Name 172	Category Path 172	f	1	\N
59	175	Category Name 175	Category Path 175	f	1	\N
60	178	Category Name 178	Category Path 178	f	1	\N
61	181	Category Name 181	Category Path 181	f	1	\N
62	184	Category Name 184	Category Path 184	f	1	\N
63	187	Category Name 187	Category Path 187	f	1	\N
64	190	Category Name 190	Category Path 190	f	1	\N
65	193	Category Name 193	Category Path 193	f	1	\N
66	196	Category Name 196	Category Path 196	f	1	\N
67	199	Category Name 199	Category Path 199	f	1	\N
68	202	Category Name 202	Category Path 202	f	1	\N
69	205	Category Name 205	Category Path 205	f	1	\N
70	208	Category Name 208	Category Path 208	f	1	\N
71	211	Category Name 211	Category Path 211	f	1	\N
72	214	Category Name 214	Category Path 214	f	1	\N
73	217	Category Name 217	Category Path 217	f	1	\N
74	220	Category Name 220	Category Path 220	f	1	\N
75	223	Category Name 223	Category Path 223	f	1	\N
76	226	Category Name 226	Category Path 226	f	1	\N
77	229	Category Name 229	Category Path 229	f	1	\N
78	232	Category Name 232	Category Path 232	f	1	\N
79	235	Category Name 235	Category Path 235	f	1	\N
80	238	Category Name 238	Category Path 238	f	1	\N
81	241	Category Name 241	Category Path 241	f	1	\N
82	244	Category Name 244	Category Path 244	f	1	\N
83	247	Category Name 247	Category Path 247	f	1	\N
84	250	Category Name 250	Category Path 250	f	1	\N
85	253	Category Name 253	Category Path 253	f	1	\N
86	256	Category Name 256	Category Path 256	f	1	\N
87	259	Category Name 259	Category Path 259	f	1	\N
88	262	Category Name 262	Category Path 262	f	1	\N
89	265	Category Name 265	Category Path 265	f	1	\N
90	268	Category Name 268	Category Path 268	f	1	\N
91	271	Category Name 271	Category Path 271	f	1	\N
92	274	Category Name 274	Category Path 274	f	1	\N
93	277	Category Name 277	Category Path 277	f	1	\N
94	280	Category Name 280	Category Path 280	f	1	\N
95	283	Category Name 283	Category Path 283	f	1	\N
96	286	Category Name 286	Category Path 286	f	1	\N
97	289	Category Name 289	Category Path 289	f	1	\N
98	292	Category Name 292	Category Path 292	f	1	\N
99	295	Category Name 295	Category Path 295	f	1	\N
100	298	Category Name 298	Category Path 298	f	1	\N
101	5	Category Name 5	Category Path 5	t	1	2
102	8	Category Name 8	Category Path 8	t	1	3
103	14	Category Name 14	Category Path 14	t	1	5
104	17	Category Name 17	Category Path 17	t	1	6
105	23	Category Name 23	Category Path 23	t	1	8
106	26	Category Name 26	Category Path 26	t	1	9
107	32	Category Name 32	Category Path 32	t	1	11
108	35	Category Name 35	Category Path 35	t	1	12
109	41	Category Name 41	Category Path 41	t	1	14
110	44	Category Name 44	Category Path 44	t	1	15
111	50	Category Name 50	Category Path 50	t	1	17
112	53	Category Name 53	Category Path 53	t	1	18
113	59	Category Name 59	Category Path 59	t	1	20
114	62	Category Name 62	Category Path 62	t	1	21
115	68	Category Name 68	Category Path 68	t	1	23
116	71	Category Name 71	Category Path 71	t	1	24
117	77	Category Name 77	Category Path 77	t	1	26
118	80	Category Name 80	Category Path 80	t	1	27
119	86	Category Name 86	Category Path 86	t	1	29
120	89	Category Name 89	Category Path 89	t	1	30
121	95	Category Name 95	Category Path 95	t	1	32
122	98	Category Name 98	Category Path 98	t	1	33
123	104	Category Name 104	Category Path 104	t	1	35
124	107	Category Name 107	Category Path 107	t	1	36
125	113	Category Name 113	Category Path 113	t	1	38
126	116	Category Name 116	Category Path 116	t	1	39
127	122	Category Name 122	Category Path 122	t	1	41
128	125	Category Name 125	Category Path 125	t	1	42
129	131	Category Name 131	Category Path 131	t	1	44
130	134	Category Name 134	Category Path 134	t	1	45
131	140	Category Name 140	Category Path 140	t	1	47
132	143	Category Name 143	Category Path 143	t	1	48
133	149	Category Name 149	Category Path 149	t	1	50
134	152	Category Name 152	Category Path 152	t	1	51
135	158	Category Name 158	Category Path 158	t	1	53
136	161	Category Name 161	Category Path 161	t	1	54
137	167	Category Name 167	Category Path 167	t	1	56
138	170	Category Name 170	Category Path 170	t	1	57
139	176	Category Name 176	Category Path 176	t	1	59
140	179	Category Name 179	Category Path 179	t	1	60
141	185	Category Name 185	Category Path 185	t	1	62
142	188	Category Name 188	Category Path 188	t	1	63
143	194	Category Name 194	Category Path 194	t	1	65
144	197	Category Name 197	Category Path 197	t	1	66
145	203	Category Name 203	Category Path 203	t	1	68
146	206	Category Name 206	Category Path 206	t	1	69
147	212	Category Name 212	Category Path 212	t	1	71
148	215	Category Name 215	Category Path 215	t	1	72
149	221	Category Name 221	Category Path 221	t	1	74
150	224	Category Name 224	Category Path 224	t	1	75
151	230	Category Name 230	Category Path 230	t	1	77
152	233	Category Name 233	Category Path 233	t	1	78
153	239	Category Name 239	Category Path 239	t	1	80
154	242	Category Name 242	Category Path 242	t	1	81
155	248	Category Name 248	Category Path 248	t	1	83
156	251	Category Name 251	Category Path 251	t	1	84
157	257	Category Name 257	Category Path 257	t	1	86
158	260	Category Name 260	Category Path 260	t	1	87
159	266	Category Name 266	Category Path 266	t	1	89
160	269	Category Name 269	Category Path 269	t	1	90
161	275	Category Name 275	Category Path 275	t	1	92
162	278	Category Name 278	Category Path 278	t	1	93
163	284	Category Name 284	Category Path 284	t	1	95
164	287	Category Name 287	Category Path 287	t	1	96
165	293	Category Name 293	Category Path 293	t	1	98
166	296	Category Name 296	Category Path 296	t	1	99
167	2	Category Name 2	Category Path 2	t	1	1
168	11	Category Name 11	Category Path 11	t	1	4
169	20	Category Name 20	Category Path 20	t	1	7
170	29	Category Name 29	Category Path 29	t	1	10
171	38	Category Name 38	Category Path 38	t	1	13
172	47	Category Name 47	Category Path 47	t	1	16
173	56	Category Name 56	Category Path 56	t	1	19
174	65	Category Name 65	Category Path 65	t	1	22
175	74	Category Name 74	Category Path 74	t	1	25
176	83	Category Name 83	Category Path 83	t	1	28
177	92	Category Name 92	Category Path 92	t	1	31
178	101	Category Name 101	Category Path 101	t	1	34
179	110	Category Name 110	Category Path 110	t	1	37
180	119	Category Name 119	Category Path 119	t	1	40
181	128	Category Name 128	Category Path 128	t	1	43
182	137	Category Name 137	Category Path 137	t	1	46
183	146	Category Name 146	Category Path 146	t	1	49
184	155	Category Name 155	Category Path 155	t	1	52
185	164	Category Name 164	Category Path 164	t	1	55
186	173	Category Name 173	Category Path 173	t	1	58
187	182	Category Name 182	Category Path 182	t	1	61
188	191	Category Name 191	Category Path 191	t	1	64
189	200	Category Name 200	Category Path 200	t	1	67
190	209	Category Name 209	Category Path 209	t	1	70
191	218	Category Name 218	Category Path 218	t	1	73
192	227	Category Name 227	Category Path 227	t	1	76
193	236	Category Name 236	Category Path 236	t	1	79
194	245	Category Name 245	Category Path 245	t	1	82
195	254	Category Name 254	Category Path 254	t	1	85
196	263	Category Name 263	Category Path 263	t	1	88
197	272	Category Name 272	Category Path 272	t	1	91
198	281	Category Name 281	Category Path 281	t	1	94
199	290	Category Name 290	Category Path 290	t	1	97
200	299	Category Name 299	Category Path 299	t	1	100
201	9	Category Name 9	Category Path 9	t	1	102
202	18	Category Name 18	Category Path 18	t	1	104
203	27	Category Name 27	Category Path 27	t	1	106
204	36	Category Name 36	Category Path 36	t	1	108
205	45	Category Name 45	Category Path 45	t	1	110
206	54	Category Name 54	Category Path 54	t	1	112
207	63	Category Name 63	Category Path 63	t	1	114
208	72	Category Name 72	Category Path 72	t	1	116
209	81	Category Name 81	Category Path 81	t	1	118
210	90	Category Name 90	Category Path 90	t	1	120
211	99	Category Name 99	Category Path 99	t	1	122
212	108	Category Name 108	Category Path 108	t	1	124
213	117	Category Name 117	Category Path 117	t	1	126
214	126	Category Name 126	Category Path 126	t	1	128
215	135	Category Name 135	Category Path 135	t	1	130
216	144	Category Name 144	Category Path 144	t	1	132
217	153	Category Name 153	Category Path 153	t	1	134
218	162	Category Name 162	Category Path 162	t	1	136
219	171	Category Name 171	Category Path 171	t	1	138
220	180	Category Name 180	Category Path 180	t	1	140
221	189	Category Name 189	Category Path 189	t	1	142
222	198	Category Name 198	Category Path 198	t	1	144
223	207	Category Name 207	Category Path 207	t	1	146
224	216	Category Name 216	Category Path 216	t	1	148
225	225	Category Name 225	Category Path 225	t	1	150
226	234	Category Name 234	Category Path 234	t	1	152
227	243	Category Name 243	Category Path 243	t	1	154
228	252	Category Name 252	Category Path 252	t	1	156
229	261	Category Name 261	Category Path 261	t	1	158
230	270	Category Name 270	Category Path 270	t	1	160
231	279	Category Name 279	Category Path 279	t	1	162
232	288	Category Name 288	Category Path 288	t	1	164
233	297	Category Name 297	Category Path 297	t	1	166
234	3	Category Name 3	Category Path 3	t	1	167
235	6	Category Name 6	Category Path 6	t	1	101
236	12	Category Name 12	Category Path 12	t	1	168
237	15	Category Name 15	Category Path 15	t	1	103
238	21	Category Name 21	Category Path 21	t	1	169
239	24	Category Name 24	Category Path 24	t	1	105
240	30	Category Name 30	Category Path 30	t	1	170
241	33	Category Name 33	Category Path 33	t	1	107
242	39	Category Name 39	Category Path 39	t	1	171
243	42	Category Name 42	Category Path 42	t	1	109
244	48	Category Name 48	Category Path 48	t	1	172
245	51	Category Name 51	Category Path 51	t	1	111
246	57	Category Name 57	Category Path 57	t	1	173
247	60	Category Name 60	Category Path 60	t	1	113
248	66	Category Name 66	Category Path 66	t	1	174
249	69	Category Name 69	Category Path 69	t	1	115
250	75	Category Name 75	Category Path 75	t	1	175
251	78	Category Name 78	Category Path 78	t	1	117
252	84	Category Name 84	Category Path 84	t	1	176
253	87	Category Name 87	Category Path 87	t	1	119
254	93	Category Name 93	Category Path 93	t	1	177
255	96	Category Name 96	Category Path 96	t	1	121
256	102	Category Name 102	Category Path 102	t	1	178
257	105	Category Name 105	Category Path 105	t	1	123
258	111	Category Name 111	Category Path 111	t	1	179
259	114	Category Name 114	Category Path 114	t	1	125
260	120	Category Name 120	Category Path 120	t	1	180
261	123	Category Name 123	Category Path 123	t	1	127
262	129	Category Name 129	Category Path 129	t	1	181
263	132	Category Name 132	Category Path 132	t	1	129
264	138	Category Name 138	Category Path 138	t	1	182
265	141	Category Name 141	Category Path 141	t	1	131
266	147	Category Name 147	Category Path 147	t	1	183
267	150	Category Name 150	Category Path 150	t	1	133
268	156	Category Name 156	Category Path 156	t	1	184
269	159	Category Name 159	Category Path 159	t	1	135
270	165	Category Name 165	Category Path 165	t	1	185
271	168	Category Name 168	Category Path 168	t	1	137
272	174	Category Name 174	Category Path 174	t	1	186
273	177	Category Name 177	Category Path 177	t	1	139
274	183	Category Name 183	Category Path 183	t	1	187
275	186	Category Name 186	Category Path 186	t	1	141
276	192	Category Name 192	Category Path 192	t	1	188
277	195	Category Name 195	Category Path 195	t	1	143
278	201	Category Name 201	Category Path 201	t	1	189
279	204	Category Name 204	Category Path 204	t	1	145
280	210	Category Name 210	Category Path 210	t	1	190
281	213	Category Name 213	Category Path 213	t	1	147
282	219	Category Name 219	Category Path 219	t	1	191
283	222	Category Name 222	Category Path 222	t	1	149
284	228	Category Name 228	Category Path 228	t	1	192
285	231	Category Name 231	Category Path 231	t	1	151
286	237	Category Name 237	Category Path 237	t	1	193
287	240	Category Name 240	Category Path 240	t	1	153
288	246	Category Name 246	Category Path 246	t	1	194
289	249	Category Name 249	Category Path 249	t	1	155
290	255	Category Name 255	Category Path 255	t	1	195
291	258	Category Name 258	Category Path 258	t	1	157
292	264	Category Name 264	Category Path 264	t	1	196
293	267	Category Name 267	Category Path 267	t	1	159
294	273	Category Name 273	Category Path 273	t	1	197
295	276	Category Name 276	Category Path 276	t	1	161
296	282	Category Name 282	Category Path 282	t	1	198
297	285	Category Name 285	Category Path 285	t	1	163
298	291	Category Name 291	Category Path 291	t	1	199
299	294	Category Name 294	Category Path 294	t	1	165
300	300	Category Name 300	Category Path 300	t	1	200
\.


--
-- Data for Name: root_categories; Type: TABLE DATA; Schema: public; Owner: postgres-user
--

COPY public.root_categories (id, locale_code) FROM stdin;
1	de_DE
2	fr_FR
3	nl_NL
4	es_ES
5	en_GB
6	it_IT
7	pl_PL
8	sv_SE
\.


--
-- Data for Name: set_composition; Type: TABLE DATA; Schema: public; Owner: postgres-user
--

COPY public.set_composition (set_article_id, component_article_id, component_count) FROM stdin;
\.


--
-- Name: articles_id_seq; Type: SEQUENCE SET; Schema: public; Owner: postgres-user
--

SELECT pg_catalog.setval('public.articles_id_seq', 300, true);


--
-- Name: attribute_boolean_values_id_seq; Type: SEQUENCE SET; Schema: public; Owner: postgres-user
--

SELECT pg_catalog.setval('public.attribute_boolean_values_id_seq', 900, true);


--
-- Name: attribute_corrections_id_seq; Type: SEQUENCE SET; Schema: public; Owner: postgres-user
--

SELECT pg_catalog.setval('public.attribute_corrections_id_seq', 1, false);


--
-- Name: attribute_decimal_values_id_seq; Type: SEQUENCE SET; Schema: public; Owner: postgres-user
--

SELECT pg_catalog.setval('public.attribute_decimal_values_id_seq', 1, false);


--
-- Name: attribute_int_values_id_seq; Type: SEQUENCE SET; Schema: public; Owner: postgres-user
--

SELECT pg_catalog.setval('public.attribute_int_values_id_seq', 1, false);


--
-- Name: attribute_mappings_id_seq; Type: SEQUENCE SET; Schema: public; Owner: postgres-user
--

SELECT pg_catalog.setval('public.attribute_mappings_id_seq', 94, false);


--
-- Name: attribute_string_values_id_seq; Type: SEQUENCE SET; Schema: public; Owner: postgres-user
--

SELECT pg_catalog.setval('public.attribute_string_values_id_seq', 1, false);


--
-- Name: attributes_id_seq; Type: SEQUENCE SET; Schema: public; Owner: postgres-user
--

SELECT pg_catalog.setval('public.attributes_id_seq', 900, true);


--
-- Name: categories_id_seq; Type: SEQUENCE SET; Schema: public; Owner: postgres-user
--

SELECT pg_catalog.setval('public.categories_id_seq', 300, true);


--
-- Name: root_categories_id_seq; Type: SEQUENCE SET; Schema: public; Owner: postgres-user
--

SELECT pg_catalog.setval('public.root_categories_id_seq', 9, false);


--
-- Name: article_category pk_article_category; Type: CONSTRAINT; Schema: public; Owner: postgres-user
--

ALTER TABLE ONLY public.article_category
    ADD CONSTRAINT pk_article_category PRIMARY KEY (articles_id, categories_id);


--
-- Name: articles pk_articles; Type: CONSTRAINT; Schema: public; Owner: postgres-user
--

ALTER TABLE ONLY public.articles
    ADD CONSTRAINT pk_articles PRIMARY KEY (id);


--
-- Name: attribute_boolean_values pk_attribute_boolean_values; Type: CONSTRAINT; Schema: public; Owner: postgres-user
--

ALTER TABLE ONLY public.attribute_boolean_values
    ADD CONSTRAINT pk_attribute_boolean_values PRIMARY KEY (id);


--
-- Name: attribute_corrections pk_attribute_corrections; Type: CONSTRAINT; Schema: public; Owner: postgres-user
--

ALTER TABLE ONLY public.attribute_corrections
    ADD CONSTRAINT pk_attribute_corrections PRIMARY KEY (id);


--
-- Name: attribute_decimal_values pk_attribute_decimal_values; Type: CONSTRAINT; Schema: public; Owner: postgres-user
--

ALTER TABLE ONLY public.attribute_decimal_values
    ADD CONSTRAINT pk_attribute_decimal_values PRIMARY KEY (id);


--
-- Name: attribute_int_values pk_attribute_int_values; Type: CONSTRAINT; Schema: public; Owner: postgres-user
--

ALTER TABLE ONLY public.attribute_int_values
    ADD CONSTRAINT pk_attribute_int_values PRIMARY KEY (id);


--
-- Name: attribute_mappings pk_attribute_mappings; Type: CONSTRAINT; Schema: public; Owner: postgres-user
--

ALTER TABLE ONLY public.attribute_mappings
    ADD CONSTRAINT pk_attribute_mappings PRIMARY KEY (id);


--
-- Name: attribute_string_values pk_attribute_string_values; Type: CONSTRAINT; Schema: public; Owner: postgres-user
--

ALTER TABLE ONLY public.attribute_string_values
    ADD CONSTRAINT pk_attribute_string_values PRIMARY KEY (id);


--
-- Name: attributes pk_attributes; Type: CONSTRAINT; Schema: public; Owner: postgres-user
--

ALTER TABLE ONLY public.attributes
    ADD CONSTRAINT pk_attributes PRIMARY KEY (id);


--
-- Name: attributes_categories pk_attributes_categories; Type: CONSTRAINT; Schema: public; Owner: postgres-user
--

ALTER TABLE ONLY public.attributes_categories
    ADD CONSTRAINT pk_attributes_categories PRIMARY KEY (attributes_id, categories_id);


--
-- Name: categories pk_categories; Type: CONSTRAINT; Schema: public; Owner: postgres-user
--

ALTER TABLE ONLY public.categories
    ADD CONSTRAINT pk_categories PRIMARY KEY (id);


--
-- Name: root_categories pk_root_categories; Type: CONSTRAINT; Schema: public; Owner: postgres-user
--

ALTER TABLE ONLY public.root_categories
    ADD CONSTRAINT pk_root_categories PRIMARY KEY (id);


--
-- Name: set_composition pk_set_composition; Type: CONSTRAINT; Schema: public; Owner: postgres-user
--

ALTER TABLE ONLY public.set_composition
    ADD CONSTRAINT pk_set_composition PRIMARY KEY (component_article_id, set_article_id);


--
-- Name: ix_article_category_categories_id; Type: INDEX; Schema: public; Owner: postgres-user
--

CREATE INDEX ix_article_category_categories_id ON public.article_category USING btree (categories_id);


--
-- Name: ix_articles_article_number_characteristic_id; Type: INDEX; Schema: public; Owner: postgres-user
--

CREATE UNIQUE INDEX ix_articles_article_number_characteristic_id ON public.articles USING btree (article_number, characteristic_id);


--
-- Name: ix_attribute_boolean_values_article_id; Type: INDEX; Schema: public; Owner: postgres-user
--

CREATE INDEX ix_attribute_boolean_values_article_id ON public.attribute_boolean_values USING btree (article_id);


--
-- Name: ix_attribute_boolean_values_attribute_id; Type: INDEX; Schema: public; Owner: postgres-user
--

CREATE INDEX ix_attribute_boolean_values_attribute_id ON public.attribute_boolean_values USING btree (attribute_id);


--
-- Name: ix_attribute_decimal_values_article_id; Type: INDEX; Schema: public; Owner: postgres-user
--

CREATE INDEX ix_attribute_decimal_values_article_id ON public.attribute_decimal_values USING btree (article_id);


--
-- Name: ix_attribute_decimal_values_attribute_id; Type: INDEX; Schema: public; Owner: postgres-user
--

CREATE INDEX ix_attribute_decimal_values_attribute_id ON public.attribute_decimal_values USING btree (attribute_id);


--
-- Name: ix_attribute_int_values_article_id; Type: INDEX; Schema: public; Owner: postgres-user
--

CREATE INDEX ix_attribute_int_values_article_id ON public.attribute_int_values USING btree (article_id);


--
-- Name: ix_attribute_int_values_attribute_id; Type: INDEX; Schema: public; Owner: postgres-user
--

CREATE INDEX ix_attribute_int_values_attribute_id ON public.attribute_int_values USING btree (attribute_id);


--
-- Name: ix_attribute_mappings_attribute_reference; Type: INDEX; Schema: public; Owner: postgres-user
--

CREATE UNIQUE INDEX ix_attribute_mappings_attribute_reference ON public.attribute_mappings USING btree (attribute_reference);


--
-- Name: ix_attribute_string_values_article_id; Type: INDEX; Schema: public; Owner: postgres-user
--

CREATE INDEX ix_attribute_string_values_article_id ON public.attribute_string_values USING btree (article_id);


--
-- Name: ix_attribute_string_values_attribute_id; Type: INDEX; Schema: public; Owner: postgres-user
--

CREATE INDEX ix_attribute_string_values_attribute_id ON public.attribute_string_values USING btree (attribute_id);


--
-- Name: ix_attributes_categories_categories_id; Type: INDEX; Schema: public; Owner: postgres-user
--

CREATE INDEX ix_attributes_categories_categories_id ON public.attributes_categories USING btree (categories_id);


--
-- Name: ix_attributes_marketplace_attribute_ids; Type: INDEX; Schema: public; Owner: postgres-user
--

CREATE INDEX ix_attributes_marketplace_attribute_ids ON public.attributes USING btree (marketplace_attribute_ids);


--
-- Name: ix_attributes_parent_attribute_id; Type: INDEX; Schema: public; Owner: postgres-user
--

CREATE INDEX ix_attributes_parent_attribute_id ON public.attributes USING btree (parent_attribute_id);


--
-- Name: ix_attributes_product_type; Type: INDEX; Schema: public; Owner: postgres-user
--

CREATE INDEX ix_attributes_product_type ON public.attributes USING btree (product_type);


--
-- Name: ix_attributes_root_category_id; Type: INDEX; Schema: public; Owner: postgres-user
--

CREATE INDEX ix_attributes_root_category_id ON public.attributes USING btree (root_category_id);


--
-- Name: ix_attributes_value_type; Type: INDEX; Schema: public; Owner: postgres-user
--

CREATE INDEX ix_attributes_value_type ON public.attributes USING btree (value_type);


--
-- Name: ix_categories_category_number_root_category_id; Type: INDEX; Schema: public; Owner: postgres-user
--

CREATE UNIQUE INDEX ix_categories_category_number_root_category_id ON public.categories USING btree (category_number, root_category_id);


--
-- Name: ix_categories_is_leaf; Type: INDEX; Schema: public; Owner: postgres-user
--

CREATE INDEX ix_categories_is_leaf ON public.categories USING btree (is_leaf);


--
-- Name: ix_categories_parent_id; Type: INDEX; Schema: public; Owner: postgres-user
--

CREATE INDEX ix_categories_parent_id ON public.categories USING btree (parent_id);


--
-- Name: ix_categories_root_category_id; Type: INDEX; Schema: public; Owner: postgres-user
--

CREATE INDEX ix_categories_root_category_id ON public.categories USING btree (root_category_id);


--
-- Name: ix_set_composition_set_article_id; Type: INDEX; Schema: public; Owner: postgres-user
--

CREATE INDEX ix_set_composition_set_article_id ON public.set_composition USING btree (set_article_id);


--
-- Name: article_category fk_article_category_articles_articles_id; Type: FK CONSTRAINT; Schema: public; Owner: postgres-user
--

ALTER TABLE ONLY public.article_category
    ADD CONSTRAINT fk_article_category_articles_articles_id FOREIGN KEY (articles_id) REFERENCES public.articles(id) ON DELETE CASCADE;


--
-- Name: article_category fk_article_category_categories_categories_id; Type: FK CONSTRAINT; Schema: public; Owner: postgres-user
--

ALTER TABLE ONLY public.article_category
    ADD CONSTRAINT fk_article_category_categories_categories_id FOREIGN KEY (categories_id) REFERENCES public.categories(id) ON DELETE CASCADE;


--
-- Name: attribute_boolean_values fk_attribute_boolean_values_articles_article_id; Type: FK CONSTRAINT; Schema: public; Owner: postgres-user
--

ALTER TABLE ONLY public.attribute_boolean_values
    ADD CONSTRAINT fk_attribute_boolean_values_articles_article_id FOREIGN KEY (article_id) REFERENCES public.articles(id) ON DELETE CASCADE;


--
-- Name: attribute_boolean_values fk_attribute_boolean_values_attributes_attribute_id; Type: FK CONSTRAINT; Schema: public; Owner: postgres-user
--

ALTER TABLE ONLY public.attribute_boolean_values
    ADD CONSTRAINT fk_attribute_boolean_values_attributes_attribute_id FOREIGN KEY (attribute_id) REFERENCES public.attributes(id) ON DELETE CASCADE;


--
-- Name: attribute_decimal_values fk_attribute_decimal_values_articles_article_id; Type: FK CONSTRAINT; Schema: public; Owner: postgres-user
--

ALTER TABLE ONLY public.attribute_decimal_values
    ADD CONSTRAINT fk_attribute_decimal_values_articles_article_id FOREIGN KEY (article_id) REFERENCES public.articles(id) ON DELETE CASCADE;


--
-- Name: attribute_decimal_values fk_attribute_decimal_values_attributes_attribute_id; Type: FK CONSTRAINT; Schema: public; Owner: postgres-user
--

ALTER TABLE ONLY public.attribute_decimal_values
    ADD CONSTRAINT fk_attribute_decimal_values_attributes_attribute_id FOREIGN KEY (attribute_id) REFERENCES public.attributes(id) ON DELETE CASCADE;


--
-- Name: attribute_int_values fk_attribute_int_values_articles_article_id; Type: FK CONSTRAINT; Schema: public; Owner: postgres-user
--

ALTER TABLE ONLY public.attribute_int_values
    ADD CONSTRAINT fk_attribute_int_values_articles_article_id FOREIGN KEY (article_id) REFERENCES public.articles(id) ON DELETE CASCADE;


--
-- Name: attribute_int_values fk_attribute_int_values_attributes_attribute_id; Type: FK CONSTRAINT; Schema: public; Owner: postgres-user
--

ALTER TABLE ONLY public.attribute_int_values
    ADD CONSTRAINT fk_attribute_int_values_attributes_attribute_id FOREIGN KEY (attribute_id) REFERENCES public.attributes(id) ON DELETE CASCADE;


--
-- Name: attribute_string_values fk_attribute_string_values_articles_article_id; Type: FK CONSTRAINT; Schema: public; Owner: postgres-user
--

ALTER TABLE ONLY public.attribute_string_values
    ADD CONSTRAINT fk_attribute_string_values_articles_article_id FOREIGN KEY (article_id) REFERENCES public.articles(id) ON DELETE CASCADE;


--
-- Name: attribute_string_values fk_attribute_string_values_attributes_attribute_id; Type: FK CONSTRAINT; Schema: public; Owner: postgres-user
--

ALTER TABLE ONLY public.attribute_string_values
    ADD CONSTRAINT fk_attribute_string_values_attributes_attribute_id FOREIGN KEY (attribute_id) REFERENCES public.attributes(id) ON DELETE CASCADE;


--
-- Name: attributes fk_attributes_attributes_parent_attribute_id; Type: FK CONSTRAINT; Schema: public; Owner: postgres-user
--

ALTER TABLE ONLY public.attributes
    ADD CONSTRAINT fk_attributes_attributes_parent_attribute_id FOREIGN KEY (parent_attribute_id) REFERENCES public.attributes(id) ON DELETE CASCADE;


--
-- Name: attributes_categories fk_attributes_categories_attributes_attributes_id; Type: FK CONSTRAINT; Schema: public; Owner: postgres-user
--

ALTER TABLE ONLY public.attributes_categories
    ADD CONSTRAINT fk_attributes_categories_attributes_attributes_id FOREIGN KEY (attributes_id) REFERENCES public.attributes(id) ON DELETE CASCADE;


--
-- Name: attributes_categories fk_attributes_categories_categories_categories_id; Type: FK CONSTRAINT; Schema: public; Owner: postgres-user
--

ALTER TABLE ONLY public.attributes_categories
    ADD CONSTRAINT fk_attributes_categories_categories_categories_id FOREIGN KEY (categories_id) REFERENCES public.categories(id) ON DELETE CASCADE;


--
-- Name: attributes fk_attributes_root_categories_root_category_id; Type: FK CONSTRAINT; Schema: public; Owner: postgres-user
--

ALTER TABLE ONLY public.attributes
    ADD CONSTRAINT fk_attributes_root_categories_root_category_id FOREIGN KEY (root_category_id) REFERENCES public.root_categories(id) ON DELETE CASCADE;


--
-- Name: categories fk_categories_categories_parent_id; Type: FK CONSTRAINT; Schema: public; Owner: postgres-user
--

ALTER TABLE ONLY public.categories
    ADD CONSTRAINT fk_categories_categories_parent_id FOREIGN KEY (parent_id) REFERENCES public.categories(id);


--
-- Name: categories fk_categories_root_categories_root_category_id; Type: FK CONSTRAINT; Schema: public; Owner: postgres-user
--

ALTER TABLE ONLY public.categories
    ADD CONSTRAINT fk_categories_root_categories_root_category_id FOREIGN KEY (root_category_id) REFERENCES public.root_categories(id) ON DELETE CASCADE;


--
-- Name: set_composition fk_set_composition_articles_component_article_id; Type: FK CONSTRAINT; Schema: public; Owner: postgres-user
--

ALTER TABLE ONLY public.set_composition
    ADD CONSTRAINT fk_set_composition_articles_component_article_id FOREIGN KEY (component_article_id) REFERENCES public.articles(id) ON DELETE CASCADE;


--
-- Name: set_composition fk_set_composition_articles_set_article_id; Type: FK CONSTRAINT; Schema: public; Owner: postgres-user
--

ALTER TABLE ONLY public.set_composition
    ADD CONSTRAINT fk_set_composition_articles_set_article_id FOREIGN KEY (set_article_id) REFERENCES public.articles(id) ON DELETE CASCADE;


--
-- PostgreSQL database dump complete
--

